,DISTANCE,CASES,WEIGHT,VOLUME,ORIGIN ZIP,DEST ZIP,ACTUAL MODE,ACTUAL EQUIP,PU_APPT,DL_APPT
3175533,1063.3,1,0.28,0.01,17345,34994,MTNORAM.PARCEL,MTNORAM.53DV,7/27/2022 19:07,7/28/2022 18:07
2885785,804.3,3,3.87,0.18,17345,62226,MTNORAM.PARCEL,MTNORAM.53DV,9/19/2022 21:09,9/20/2022 19:09
1472577,759.8,194,15765.0,2174.0,92154,84104,CORP.TL,CORP.53DV,1/21/2022 1:01,1/24/2022 19:01
1116070,565.2,1,0.25,0.0,38134,60193,CORP.PARCEL,CORP.53DV,12/13/2021 21:12,12/14/2021 15:12
4075151,1591.2,864,48.6,13.27,8512,77385,MTNORAM.PARCEL,MTNORAM.53DV,10/21/2021 15:10,10/26/2021 22:10
3094932,339.9,2,3.33,0.15,17345,12866,MTNORAM.PARCEL,MTNORAM.53DV,7/19/2022 18:07,7/20/2022 21:07
2784329,494.8,1,2.88,0.24,37921,72143-7801,MTNORAM.PARCEL,MTNORAM.53DV,9/12/2022 21:09,9/13/2022 19:09
1581072,1798.8,9,0.42,0.04,38134,92782.0,CORP.PARCEL,CORP.53DV,10/18/2021 21:10,10/22/2021 1:10
3236847,139.5,1,0.13,0.01,17345,19963-1272,MTNORAM.PARCEL,MTNORAM.53DV,8/2/2022 21:08,8/3/2022 19:08
1785008,2788.9,1,30.0,4.63,90810,8201,CORP.PARCEL,CORP.53DV,11/12/2021 22:11,11/19/2021 16:11
3847088,456.7,2,1.65,0.1,17345,45036,MTNORAM.PARCEL,MTNORAM.53DV,3/14/2022 16:03,3/15/2022 21:03
3223681,1395.4,3,1.67,0.08,17345,75126,MTNORAM.PARCEL,MTNORAM.53DV,8/2/2022 16:08,8/3/2022 20:08
1514897,969.6,21,1.22,0.14,38134,33486,CORP.PARCEL,CORP.53DV,1/6/2022 15:01,1/12/2022 20:01
2878960,837.2,1064,42900.48,10.64,J6S 6L8,60544,MTNORAM.TL,MTNORAM.53DV,9/21/2022 4:09,9/22/2022 7:09
1293884,443.3,58,6116.3,2104.06,21740,2718,CORP.TL,CORP.53DV,12/16/2021 20:00,12/17/2021 20:00
3192546,2252.0,1,0.83,0.04,17345,85213,MTNORAM.PARCEL,MTNORAM.53DV,7/28/2022 18:07,7/30/2022 0:07
1948733,998.19,1,5.7,1008.0,38637,14125-9702,CORP.PARCEL,CORP.53DV,9/24/2021 22:09,9/29/2021 19:09
304564,2261.6,1,95.0,10.7,90810,48855,CORP.LTL,CORP.53DV,8/16/2022 7:08,9/6/2022 15:09
465066,1315.8,1,0.0,1.0,38637,2143,CORP.PARCEL,CORP.53DV,8/11/2022 22:08,8/15/2022 19:08
1164403,739.6,2,0.41,0.63,38134,28358,CORP.PARCEL,CORP.53DV,1/11/2022 14:01,1/13/2022 13:01
271592,258.0,24,2879.8,703.6,21740,7647,CORP.TL,CORP.53DV,8/8/2022 20:00,8/8/2022 20:00
4123459,2173.8,48,12.0,0.68,8512,84104,MTNORAM.PARCEL,MTNORAM.53DV,11/3/2021 1:11,11/9/2021 3:11
1182077,1810.2,3,0.87,0.02,38134,92653,CORP.PARCEL,CORP.53DV,12/2/2021 23:12,12/4/2021 1:12
2174258,600.3,1,0.29,0.0,38134,46628,CORP.PARCEL,CORP.53DV,6/9/2022 16:06,6/13/2022 16:06
1401779,844.39,1,6.83,700.0,38637,54016-7702,CORP.PARCEL,CORP.53DV,11/30/2021 23:11,12/2/2021 21:12
3697055,456.7,3,1.66,0.09,17345,45036,MTNORAM.PARCEL,MTNORAM.53DV,3/22/2022 21:03,3/22/2022 18:03
926138,266.2,42568,211.0,9.33,75261,77489,CORP.TL,CORP.53BK,3/23/2022 1:03,3/23/2022 6:03
1559150,801.7,8,0.65,0.04,38134,33603,CORP.PARCEL,CORP.53DV,11/6/2021 17:11,11/10/2021 20:11
313438,1180.2,1,0.95,0.03,90810,98204,CORP.PARCEL,CORP.53DV,9/9/2022 7:09,9/14/2022 0:09
4561913,1445.9,1,4.13,0.2,17345,76028,MTNORAM.PARCEL,MTNORAM.53DV,4/11/2022 18:04,4/12/2022 20:04
12993,262.6,4,0.33,0.02,38134,37110,CORP.PARCEL,CORP.53DV,8/15/2022 22:08,8/16/2022 20:08
693960,1597.3,8,43.2,1.16,38134,84104,CORP.PARCEL,CORP.53DV,3/15/2022 17:03,3/16/2022 21:03
2628976,325.6,4,416.0,172.19,64153,63640,CORP.LTL,CORP.53DV,4/6/2022 19:00,4/11/2022 19:00
4254124,838.1,1,0.27,0.03,37921,33486-2337,MTNORAM.PARCEL,MTNORAM.53DV,6/21/2022 21:06,6/22/2022 18:06
340928,2135.1,4,5.0,1.0,40219,91320,CORP.PARCEL,CORP.53DV,8/29/2022 7:08,9/6/2022 21:09
1704717,325.4,6,182.68,5.15,53158,48174,CORP.LTL,CORP.53DV,10/30/2021 0:10,11/3/2021 12:11
3903942,11.4,120,8.2,1.91,8512,8691,MTNORAM.PARCEL,MTNORAM.53DV,1/14/2022 16:01,1/17/2022 19:01
2469860,266.2,3935,45.0,1.17,75261,77489,CORP.TL,CORP.53BK,6/27/2022 1:06,6/27/2022 6:06
360013,195.8,2,156.0,45.74,91748,93455,CORP.LTL,CORP.53DV,8/12/2022 3:08,8/11/2022 20:00
2888422,1137.5,5,2.54,0.12,17345,68116,MTNORAM.PARCEL,MTNORAM.53DV,9/20/2022 13:09,9/21/2022 13:09
2244486,2113.5,2,0.93,0.0,53158,94534,CORP.PARCEL,CORP.53DV,6/9/2022 10:06,6/10/2022 21:06
2135988,732.4,12,0.8,0.04,38134,48842,CORP.PARCEL,CORP.53DV,4/7/2022 22:04,4/11/2022 16:04
953354,739.13,1,1.69,499.69,38637,27705-2655,CORP.PARCEL,CORP.53DV,1/28/2022 23:01,2/1/2022 20:02
4237182,1118.7,7,6.09,0.33,17345,33445,MTNORAM.PARCEL,MTNORAM.53DV,3/29/2022 22:03,3/30/2022 18:03
4381753,1800.6,2,1.65,0.1,17345,82604,MTNORAM.PARCEL,MTNORAM.53DV,5/16/2022 21:05,5/17/2022 21:05
153148,69.8,5,13.65,0.73,53158,60628,CORP.PARCEL,CORP.53DV,7/21/2022 20:07,7/26/2022 1:07
3177550,1064.5,1,0.16,0.01,17345,64744,MTNORAM.PARCEL,MTNORAM.53DV,7/27/2022 19:07,8/2/2022 22:08
1607313,2399.5,5,25.25,0.68,38134,98001,CORP.PARCEL,CORP.53DV,9/30/2021 20:09,10/6/2021 21:10
3303559,498.4,2,1.67,0.08,17345,37745,MTNORAM.PARCEL,MTNORAM.53DV,8/9/2022 17:08,8/10/2022 12:08
3838230,2187.7,6,2.27,0.2,37921,92647,MTNORAM.PARCEL,MTNORAM.53DV,3/10/2022 22:03,3/12/2022 2:03
3782931,2408.0,0,1137.6,106.31,78264,V1S 2A5,MTNORAM.LTL,MTNORAM.53DV,1/28/2022 23:59,4/18/2022 7:04
3187920,735.7,0,601.96,35.44,37885,53593,MTNORAM.LTL,MTNORAM.53DV,7/29/2022 14:07,8/2/2022 20:08
4720559,675.0,1,0.56,0.05,37921,34655,MTNORAM.PARCEL,MTNORAM.53DV,6/9/2022 21:06,6/10/2022 18:06
3572027,456.7,1,1.65,0.08,17345,45036,MTNORAM.PARCEL,MTNORAM.53DV,3/7/2022 16:03,3/9/2022 21:03
2287564,432.9,30,92.59,8.74,53158,40511,CORP.PARCEL,CORP.53DV,6/1/2022 13:06,6/2/2022 18:06
4376281,929.2,2,6.09,0.28,17345,32720,MTNORAM.PARCEL,MTNORAM.53DV,6/21/2022 23:06,6/22/2022 19:06
378343,391.2,6,376.0,172.26,30013,28405,CORP.LTL,CORP.53DV,9/1/2022 20:00,9/6/2022 20:00
2781031,980.7,1,0.16,0.01,17345,72401,MTNORAM.PARCEL,MTNORAM.53DV,9/13/2022 22:09,9/16/2022 19:09
3668741,456.7,2,1.66,0.07,17345,45036,MTNORAM.PARCEL,MTNORAM.53DV,3/22/2022 22:03,3/22/2022 19:03
2898548,1493.1,2,0.36,0.01,17345,77345,MTNORAM.PARCEL,MTNORAM.53DV,9/20/2022 14:09,9/21/2022 13:09
534443,2168.0,7,10.75,1.4,60188,V6W 1L7,CORP.PARCEL,CORP.53DV,8/18/2022 7:08,8/25/2022 7:08
3099593,1594.23,1140,164.35,10.5,8512,968,MTNORAM.LTL,MTNORAM.53DV,7/20/2022 18:07,7/21/2022 14:07
2820002,893.1,2,2.51,0.11,17345,63663,MTNORAM.PARCEL,MTNORAM.53DV,6/27/2022 22:06,6/28/2022 15:06
4777164,2138.5,1,1.12,0.1,37921,92316-1831,MTNORAM.PARCEL,MTNORAM.53DV,6/6/2022 21:06,6/8/2022 0:06
2668348,100.9,1,104.0,48.0,30013,31005,CORP.LTL,CORP.53DV,5/19/2022 14:05,5/11/2022 0:00
473134,586.83,1,5.7,1008.0,38637,28681-2443,CORP.PARCEL,CORP.53DV,7/30/2022 22:07,8/2/2022 19:08
685326,972.3,6,7.05,0.4,38134,78503,CORP.PARCEL,CORP.53DV,2/18/2022 16:02,2/22/2022 23:02
3234284,681.4,1,0.16,0.01,17345,60625,MTNORAM.PARCEL,MTNORAM.53DV,8/3/2022 21:08,8/5/2022 22:08
490605,494.1,12,19.87,0.0,38637,31788-7327,CORP.PARCEL,CORP.53DV,8/12/2022 22:08,8/15/2022 12:08
1678336,390.3,40,900.0,28.0,53158,55379,CORP.LTL,CORP.53DV,9/25/2021 0:09,10/1/2021 5:10
5296,1821.5,9,0.65,0.05,38134,93309,CORP.PARCEL,CORP.53DV,6/24/2022 16:06,6/29/2022 23:06
3300198,993.2,2,1.66,0.07,17345,33543,MTNORAM.PARCEL,MTNORAM.53DV,8/9/2022 16:08,8/10/2022 12:08
1130254,467.2,3,0.75,0.0,38134,31201,CORP.PARCEL,CORP.53DV,1/20/2022 17:01,1/21/2022 22:01
749792,739.7,1,0.06,0.03,53158,17022,CORP.PARCEL,CORP.53DV,2/23/2022 6:02,2/25/2022 13:02
4748661,280.2,335,33417.55,1521.3,30268,28658,MTNORAM.TL,MTNORAM.53DV,5/14/2022 23:05,5/15/2022 23:05
2003036,1651.8,17,142.0,4.67,84116,77489,CORP.TL,CORP.53BK,11/7/2021 3:11,11/9/2021 7:11
185234,860.5,3546,4455.17,216.7,53158,23059,CORP.TL,CORP.53RF,8/16/2022 16:08,8/18/2022 9:08
3956029,1086.0,0,10609.0,1171.97,38611,8854,MTNORAM.INTERMODAL,MTNORAM.53IM,1/6/2022 10:00,1/21/2022 18:01
4916976,945.8,24,1.13,0.28,8512,63301,MTNORAM.PARCEL,MTNORAM.53DV,5/28/2022 0:05,5/31/2022 20:05
4372995,888.0,3,3.05,0.15,17345,63775,MTNORAM.PARCEL,MTNORAM.53DV,5/3/2022 22:05,5/4/2022 20:05
1012145,437.9,1,2.91,466.02,38637,40511-8483,CORP.PARCEL,CORP.53DV,2/9/2022 23:02,2/11/2022 20:02
3270961,646.7,1,0.84,0.04,17345,30512,MTNORAM.PARCEL,MTNORAM.53DV,8/8/2022 11:08,8/9/2022 19:08
3237668,266.3,639,121.31,9.2,8512,16635,MTNORAM.PARCEL,MTNORAM.53DV,8/3/2022 22:08,8/5/2022 17:08
287011,2619.8,1701,1067.31,87.08,90810,34981,CORP.LTL,CORP.53DV,8/25/2022 20:08,9/2/2022 12:09
958641,1366.2,1,0.13,0.0,38637,3885,CORP.PARCEL,CORP.53DV,2/3/2022 23:02,2/4/2022 13:02
1573314,417.2,3,0.31,0.02,38134,30046.0,CORP.PARCEL,CORP.53DV,1/9/2022 18:01,1/12/2022 23:01
2161793,332.5,4,0.4,0.02,38134,37421,CORP.PARCEL,CORP.53DV,6/16/2022 20:06,6/20/2022 18:06
4045710,1485.1,960,43179.6,9.6,N9V 2Z6,78227,MTNORAM.TL,MTNORAM.53DV,12/8/2021 0:00,12/15/2021 9:00
2133164,2042.0,4,0.38,0.62,38134,93940,CORP.PARCEL,CORP.53DV,5/10/2022 15:05,5/16/2022 15:05
2390533,1993.9,550,1794.63,132.41,90810,54751,CORP.LTL,CORP.53DV,5/12/2022 14:05,5/21/2022 1:05
4534996,2257.7,4,413.27,51.44,46158,98001,MTNORAM.LTL,MTNORAM.53DV,6/9/2022 15:06,6/17/2022 14:06
3311776,163.2,1,0.95,0.04,17345,8837,MTNORAM.PARCEL,MTNORAM.53DV,8/10/2022 22:08,8/11/2022 17:08
1606178,983.9,13,0.64,0.06,38134,19958,CORP.PARCEL,CORP.53DV,10/16/2021 13:10,10/20/2021 19:10
995366,394.45,1,6.0,700.0,38637,47421-7662,CORP.PARCEL,CORP.53DV,3/17/2022 22:03,3/21/2022 19:03
1918910,2202.51,20,41.6,4738.95,38637,97504-4970,CORP.PARCEL,CORP.53DV,9/26/2021 22:09,9/30/2021 22:09
1236042,1140.7,1,2.32,0.06,53158,77007,CORP.PARCEL,CORP.53DV,12/15/2021 14:12,12/16/2021 22:12
2937070,176.8,2,2.49,0.12,17345,7202,MTNORAM.PARCEL,MTNORAM.53DV,6/27/2022 22:06,6/28/2022 18:06
1390615,772.97,1,5.7,1008.0,38637,78242-2220,CORP.PARCEL,CORP.53DV,12/3/2021 23:12,12/7/2021 21:12
3238869,112.3,3,1.12,0.11,17345,19116-2151,MTNORAM.PARCEL,MTNORAM.53DV,8/2/2022 21:08,8/3/2022 17:08
4030856,211.1,0,80.07,5.77,17011,14437,MTNORAM.LTL,MTNORAM.53DV,10/29/2021 19:10,10/29/2021 4:10
2538719,810.0,14,0.75,5.0,38637,15690,CORP.PARCEL,CORP.53DV,5/2/2022 22:05,5/3/2022 12:05
4291097,1273.4,2,1.66,0.06,17345,71115,MTNORAM.PARCEL,MTNORAM.53DV,4/19/2022 15:04,4/24/2022 0:04
249790,5.0,36,3184.0,920.01,94801,94801,CORP.TL,CORP.53DV,7/19/2022 20:00,7/19/2022 20:00
105493,352.0,1,0.25,0.0,38134,30180,CORP.PARCEL,CORP.53DV,8/2/2022 14:08,8/3/2022 21:08
4167046,528.6,2,1.65,0.08,17345,41095,MTNORAM.PARCEL,MTNORAM.53DV,4/28/2022 20:04,4/29/2022 12:04
462208,855.87,6,13.51,4022.87,38637,55427-4345,CORP.PARCEL,CORP.53DV,9/7/2022 22:09,9/9/2022 20:09
2429915,34.7,1,85.0,38.25,75062,76063,CORP.LTL,CORP.53DV,6/7/2022 20:00,6/10/2022 20:00
3609378,772.6,25,2.63,0.19,8512,30518,MTNORAM.PARCEL,MTNORAM.53DV,2/2/2022 14:02,2/2/2022 20:02
2207402,912.1,3,0.05,0.02,38134,34994,CORP.PARCEL,CORP.53DV,5/6/2022 21:05,5/10/2022 12:05
2571678,590.7,8,112.0,37692.96,38637,60007,CORP.PARCEL,CORP.53DV,4/19/2022 22:04,4/21/2022 20:04
1204340,2137.4,1,0.06,0.03,53158,93291,CORP.PARCEL,CORP.53DV,1/12/2022 0:01,1/18/2022 5:01
4408267,112.7,2,1.94,0.09,17345,8029,MTNORAM.PARCEL,MTNORAM.53DV,4/21/2022 22:04,4/22/2022 17:04
4446459,244.3,3,2.49,0.13,17345,23875,MTNORAM.PARCEL,MTNORAM.53DV,6/1/2022 17:06,6/2/2022 18:06
1609359,755.6,13,0.58,0.07,38134,44452,CORP.PARCEL,CORP.53DV,11/2/2021 13:11,11/4/2021 20:11
2597778,1393.2,24,37728.0,28.0,77583,15642,CORP.LTL,CORP.53DV,4/21/2022 16:04,4/27/2022 0:04
279799,1453.3,1,112.2,10.98,90810,75093,CORP.LTL,CORP.53DV,9/1/2022 7:09,9/9/2022 20:09
3043447,227.5,1,1.12,0.05,17345,16365,MTNORAM.PARCEL,MTNORAM.53DV,7/13/2022 17:07,7/14/2022 19:07
1277277,136.3,1,170.0,49.0,91748,93307,CORP.TL,CORP.53DV,1/21/2022 8:01,1/21/2022 0:00
3064132,2048.3,0,200.55,5.53,93706,39401,MTNORAM.LTL,MTNORAM.53DV,7/16/2022 2:07,7/26/2022 18:07
2984985,2660.5,4,1.67,0.07,17345,92103,MTNORAM.PARCEL,MTNORAM.53DV,7/5/2022 23:07,7/6/2022 23:07
3912036,377.6,480,60.06,5.56,8512,14224,MTNORAM.PARCEL,MTNORAM.53DV,12/22/2021 18:12,12/23/2021 20:12
2425646,26.1,62,6993.5,1873.67,91748,91730,CORP.TL,CORP.53DV,5/25/2022 20:00,5/25/2022 20:00
3837140,456.7,2,1.94,0.09,17345,45036,MTNORAM.PARCEL,MTNORAM.53DV,3/21/2022 18:03,3/22/2022 18:03
2899888,773.3,2,2.22,0.1,17345,62864,MTNORAM.PARCEL,MTNORAM.53DV,9/20/2022 13:09,9/21/2022 13:09
2270542,1072.2,1,3.5,0.1,53158,3060,CORP.PARCEL,CORP.53DV,5/6/2022 7:05,5/11/2022 12:05
4000170,1969.8,0,3293.8,358.67,78264,12110-4810,MTNORAM.LTL,MTNORAM.53DV,1/11/2022 0:01,1/26/2022 14:01
1326567,978.0,1,86.0,13.97,90810,97068,CORP.LTL,CORP.53DV,12/14/2021 20:12,12/21/2021 16:12
4930083,1484.4,1,1.65,0.08,17345,77039,MTNORAM.PARCEL,MTNORAM.53DV,4/11/2022 20:04,4/12/2022 20:04
2510457,969.5,1,2.32,1079.37,38637,27920-8001,CORP.PARCEL,CORP.53DV,4/29/2022 22:04,5/4/2022 19:05
153844,1036.5,9,62.1,1.8,53158,80238,CORP.PARCEL,CORP.53DV,8/29/2022 13:08,8/30/2022 2:08
1378236,1032.01,1,6.83,700.0,38637,14626-5104,CORP.PARCEL,CORP.53DV,12/9/2021 23:12,12/14/2021 20:12
4117087,1063.3,6960,1740.0,49.93,8512,38654,MTNORAM.LTL,MTNORAM.53DV,11/29/2021 22:11,11/30/2021 21:11
4875000,1004.9,2,1.67,0.08,17345,33558,MTNORAM.PARCEL,MTNORAM.53DV,4/11/2022 20:04,4/12/2022 18:04
4463927,1680.8,9,74.3,2.11,17345,78251,MTNORAM.PARCEL,MTNORAM.53DV,4/13/2022 1:04,4/19/2022 4:04
423605,811.88,2,4.51,536.69,38637,32827-4403,CORP.PARCEL,CORP.53DV,9/21/2022 22:09,9/23/2022 19:09
3004940,1481.3,2,1.67,0.08,17345,77591,MTNORAM.PARCEL,MTNORAM.53DV,7/11/2022 17:07,7/12/2022 20:07
2027780,5.0,74,8643.0,2645.91,85043,85043,CORP.TL,CORP.53DV,11/24/2021 20:00,11/30/2021 20:00
4777000,365.4,1,1.67,0.08,37921,27609,MTNORAM.PARCEL,MTNORAM.53DV,4/11/2022 21:04,4/12/2022 18:04
3862012,456.7,2,3.58,0.21,17345,45036,MTNORAM.PARCEL,MTNORAM.53DV,3/14/2022 20:03,3/15/2022 18:03
550032,2189.4,206,16496.0,2286.0,92154,30518,CORP.INTERMODAL,CORP.53IM_SONY,9/14/2022 17:09,9/26/2022 12:09
4355867,482.5,72,7.3,0.54,8512,27407,MTNORAM.PARCEL,MTNORAM.53DV,4/15/2022 23:04,4/19/2022 16:04
416257,459.47,1,2.32,1079.37,38637,64108-1229,CORP.PARCEL,CORP.53DV,8/30/2022 22:08,9/1/2022 20:09
3267921,478.5,1,0.17,0.01,37921,61820,MTNORAM.PARCEL,MTNORAM.53DV,8/8/2022 22:08,8/9/2022 20:08
1664758,964.2,4,14.0,0.28,38134,14624,CORP.PARCEL,CORP.53DV,10/2/2021 1:10,10/5/2021 20:10
3659318,759.6,750,21160.32,7.5,60490,13669,MTNORAM.TL,MTNORAM.53DV,2/21/2022 0:00,2/23/2022 0:00
3018547,190.6,1,0.13,0.01,17345,15601-3787,MTNORAM.PARCEL,MTNORAM.53DV,7/11/2022 21:07,7/12/2022 17:07
3401567,980.8,2263,40249.52,22.63,60544,80019,MTNORAM.INTERMODAL,MTNORAM.53DV,8/22/2022 3:00,8/31/2022 9:30
2020029,129.0,277,17393.0,2392.0,92154,90059,CORP.TL,CORP.53DV,10/23/2021 7:10,10/27/2021 17:10
4662304,293.0,96,16.8,0.93,8512,23059,MTNORAM.PARCEL,MTNORAM.53DV,6/6/2022 22:06,6/7/2022 18:06
1801042,12.7,193,486.81,27.2,90810,90250,CORP.LTL,CORP.53DV,11/6/2021 0:11,11/12/2021 16:11
12481,762.8,2,0.01,0.01,38134,29576,CORP.PARCEL,CORP.53DV,8/1/2022 18:08,8/3/2022 21:08
4049479,4935.19,428,91.26,4.95,8512,96819,MTNORAM.PARCEL,MTNORAM.53DV,11/30/2021 20:11,12/2/2021 6:12
583426,2611.7,28,224.06,12964.57,30213,97217,CORP.LTL,CORP.53DV,9/14/2022 13:09,9/21/2022 20:09
612902,6.7,1,174.0,51.0,32824,32809,CORP.TL,CORP.53DV,9/14/2022 22:09,9/13/2022 0:00
424142,1084.18,2,13.66,1400.0,38637,13152-1337,CORP.PARCEL,CORP.53DV,7/7/2022 22:07,7/12/2022 19:07
1993114,532.3,1,0.12,1.43,17050,5468,CORP.PARCEL,CORP.53DV,11/4/2021 20:11,11/9/2021 13:11
79952,748.0,2,0.54,0.0,38134,48067,CORP.PARCEL,CORP.53DV,9/13/2022 22:09,9/14/2022 21:09
706579,296.4,1,0.2,0.0,38134,63131,CORP.PARCEL,CORP.53DV,2/24/2022 23:02,2/25/2022 22:02
1878610,266.2,11754,133.0,26.83,75261,77489,CORP.TL,CORP.53BK,11/16/2021 2:11,11/16/2021 7:11
1844330,26.1,26,2709.0,585.5,91748,91730,CORP.TL,CORP.53DV,10/12/2021 20:00,10/12/2021 20:00
320842,3038.6,848,2148.56,149.88,90810,3077,CORP.LTL,CORP.53DV,6/28/2022 13:06,7/7/2022 14:07
1664690,709.5,1,0.25,0.0,38134,34461,CORP.PARCEL,CORP.53DV,11/8/2021 22:11,11/9/2021 21:11
904693,245.0,164,27828.0,2425.49,75062,77076,CORP.TL,TPX.53XX,2/9/2022 20:00,2/9/2022 20:00
3123970,180.8,2,1.66,0.07,17345,7094,MTNORAM.PARCEL,MTNORAM.53DV,7/21/2022 18:07,7/25/2022 16:07
3106967,241.6,3,3.31,0.15,17345,12601,MTNORAM.PARCEL,MTNORAM.53DV,7/20/2022 17:07,7/21/2022 18:07
4117474,1171.0,0,16293.0,2294.84,38611,11716,MTNORAM.INTERMODAL,MTNORAM.53IM,10/6/2021 10:00,10/12/2021 9:00
1975181,1135.71,3,9.0,1800.0,38637,10005-3701,CORP.PARCEL,CORP.53DV,10/16/2021 22:10,10/20/2021 19:10
4184898,260.0,0,16312.78,865.59,93706,92336,MTNORAM.TL,MTNORAM.53DV,6/28/2022 8:00,6/28/2022 16:30
3375549,649.3,8,2.3,0.19,37921,32835-5700,MTNORAM.PARCEL,MTNORAM.53DV,8/17/2022 21:08,8/18/2022 18:08
3881643,456.7,1,1.65,0.2,17345,45036,MTNORAM.PARCEL,MTNORAM.53DV,3/8/2022 1:03,3/9/2022 19:03
2922702,97.9,3,0.84,0.08,17345,20037-3201,MTNORAM.PARCEL,MTNORAM.53DV,8/15/2022 16:08,8/16/2022 17:08
83197,1600.9,10,2.5,0.0,38134,84790,CORP.PARCEL,CORP.53DV,9/6/2022 20:09,9/7/2022 16:09
3592198,319.4,1,0.27,0.03,37921,31088-6308,MTNORAM.PARCEL,MTNORAM.53DV,2/9/2022 22:02,2/10/2022 22:02
1513865,564.5,1,1.5,0.05,38134,43123,CORP.PARCEL,CORP.53DV,11/2/2021 20:11,11/3/2021 18:11
1008670,554.5,3,72.5,21407.47,38637,41105,CORP.PARCEL,CORP.53DV,3/12/2022 23:03,3/15/2022 19:03
4639354,234.0,2,1.11,0.05,17345,11729,MTNORAM.PARCEL,MTNORAM.53DV,6/9/2022 21:06,6/10/2022 18:06
4586793,1427.7,3,5.24,0.28,17345,76104,MTNORAM.PARCEL,MTNORAM.53DV,4/27/2022 17:04,4/28/2022 19:04
3492873,1063.3,60,11.69,0.76,8512,38654,MTNORAM.PARCEL,MTNORAM.53DV,8/29/2022 23:08,8/30/2022 20:08
2216676,791.0,12,36.0,2.64,53158,30096,CORP.PARCEL,CORP.53DV,5/10/2022 22:05,5/13/2022 12:05
1877681,266.2,14735,149.0,19.83,75261,77489,CORP.TL,CORP.53BK,11/16/2021 2:11,11/16/2021 7:11
3147991,326.6,10,34569.0,2669303.0,54879,54879,MTNORAM.TL,MTNORAM.53DV,7/25/2022 8:00,7/25/2022 13:30
1825066,327.4,1,1600.0,180.0,77054,70364,CORP.TL,CORP.53DV,11/12/2021 5:11,11/12/2021 11:11
3416781,726.5,40,1.59,0.06,17345,62535,MTNORAM.PARCEL,MTNORAM.53DV,8/22/2022 21:08,8/25/2022 4:08
3793557,951.9,2,1.37,0.08,37921,77494,MTNORAM.PARCEL,MTNORAM.53DV,2/22/2022 22:02,2/23/2022 22:02
145575,406.8,2195,305.21,9.31,53158,43160,CORP.LTL,CORP.53RF,7/26/2022 18:07,7/27/2022 12:07
130933,186.9,1,0.25,0.0,38134,37205,CORP.PARCEL,CORP.53DV,8/16/2022 22:08,8/31/2022 22:08
2759937,287.1,30,8.64,0.73,37921,27403,MTNORAM.PARCEL,MTNORAM.53DV,8/22/2022 21:08,8/23/2022 18:08
2951564,2623.5,2,1.66,0.08,17345,91754,MTNORAM.PARCEL,MTNORAM.53DV,6/28/2022 23:06,6/30/2022 0:06
4525025,1389.5,0,440.41,100.66,55121,88008,MTNORAM.LTL,MTNORAM.53DV,4/25/2022 5:04,5/3/2022 18:05
2436265,128.8,40,16.0,5.83,75835,77489,CORP.TL,CORP.53BK,4/12/2022 3:04,4/12/2022 6:04
74651,534.2,8,0.86,0.07,38134,46321,CORP.PARCEL,CORP.53DV,8/15/2022 22:08,8/17/2022 19:08
4476762,509.4,3,1.66,0.08,17345,41858,MTNORAM.PARCEL,MTNORAM.53DV,3/29/2022 22:03,3/30/2022 20:03
2097894,462.4,6,0.33,0.03,38134,75078,CORP.PARCEL,CORP.53DV,5/6/2022 15:05,5/10/2022 22:05
3970341,571.8,2,1320.88,44.5,46158,72712,MTNORAM.LTL,MTNORAM.53DV,12/27/2021 23:12,12/29/2021 20:12
3617242,456.7,3,4.97,0.23,17345,45036,MTNORAM.PARCEL,MTNORAM.53DV,3/9/2022 0:03,3/9/2022 19:03
2675278,6.0,20,2992.0,536.26,85043,85009,CORP.LTL,CORP.53DV,6/14/2022 12:06,6/14/2022 19:00
4070121,0.0,0,22781.4,2596.41,78264,40299-2440,MTNORAM.TL,MTNORAM.53DV,12/9/2021 7:00,12/13/2021 9:00
1838480,62.1,3,422.0,89.57,94545,94938,CORP.LTL,CORP.53DV,11/19/2021 17:11,11/29/2021 22:11
470931,739.33,2,0.19,1.0,38637,44641,CORP.PARCEL,CORP.53DV,7/30/2022 22:07,8/2/2022 19:08
1180277,532.4,1,17.04,0.59,38134,64120,CORP.PARCEL,CORP.53DV,1/14/2022 6:01,7/14/2022 19:07
2218204,1161.3,12,94.8,7.82,53158,77478,CORP.PARCEL,CORP.53DV,4/8/2022 23:04,4/13/2022 20:04
1747051,5.0,48,5140.0,1587.31,32824,32824,CORP.TL,CORP.53DV,11/9/2021 20:00,11/10/2021 20:00
4490582,210.4,7,25.01,0.66,17345,13760,MTNORAM.PARCEL,MTNORAM.53DV,6/22/2022 1:06,6/23/2022 23:06
1817668,1456.3,2,54.74,5.55,90810,75042,CORP.PARCEL,CORP.53DV,9/29/2021 20:09,10/4/2021 17:10
315397,1984.5,1,1.03,0.09,90810,60560,CORP.PARCEL,CORP.53DV,8/5/2022 7:08,8/9/2022 22:08
1634532,1488.5,1,0.25,0.0,38134,85008,CORP.PARCEL,CORP.53DV,9/27/2021 15:09,9/29/2021 3:09
550102,8.2,120,9963.0,1398.0,92154,91950,CORP.TL,CORP.53DV,10/19/2022 21:10,10/19/2022 21:10
3999415,561.6,72,17.5,1.03,8512,43316,MTNORAM.PARCEL,MTNORAM.53DV,12/23/2021 1:12,12/27/2021 21:12
2218244,2055.1,0,0.94,0.02,53158,95661,CORP.PARCEL,CORP.53DV,5/18/2022 19:05,5/19/2022 23:05
2726806,487.7,3,4.97,0.23,17345,24219,MTNORAM.PARCEL,MTNORAM.53DV,9/12/2022 22:09,9/13/2022 19:09
823025,4.4,64,7082.0,2006.37,46168,46168,CORP.TL,CORP.53DV,1/28/2022 20:00,1/31/2022 20:00
4311799,1982.3,1254,43022.69,12.54,60544,90670,MTNORAM.INTERMODAL,MTNORAM.53DV,6/2/2022 3:00,6/10/2022 11:30
4037368,303.0,0,41.09,4.11,76177,78006,MTNORAM.LTL,MTNORAM.53DV,10/1/2021 16:10,10/5/2021 20:10
156446,374.9,0,0.19,0.01,53158,45036,CORP.PARCEL,CORP.53DV,8/29/2022 12:08,8/26/2022 17:08
4387798,1332.9,1440,42489.96,14.4,60490,78040,MTNORAM.INTERMODAL,MTNORAM.53DV,6/20/2022 13:00,6/26/2022 16:00
2105097,885.6,16,1.16,0.06,38134,21228,CORP.PARCEL,CORP.53DV,4/5/2022 21:04,4/7/2022 20:04
2024160,11.3,28,2922.0,596.58,80011,80216,CORP.TL,CORP.53DV,10/26/2021 20:00,10/26/2021 20:00
1055939,11.3,73,7499.3,1809.89,80011,80216,CORP.TL,CORP.53DV,2/8/2022 20:00,2/8/2022 20:00
3210026,117.0,2,0.8,0.08,17345,22151-4401,MTNORAM.PARCEL,MTNORAM.53DV,8/1/2022 18:08,8/2/2022 18:08
4120322,26.3,120,77.75,3.32,8512,8016,MTNORAM.PARCEL,MTNORAM.53DV,12/3/2021 22:12,12/6/2021 20:12
929806,272.6,329,5.0,1.17,75261,77478,CORP.TL,CORP.53BK,3/16/2022 1:03,3/16/2022 6:03
3829757,760.6,1064,41087.42,10.64,N9V 2Z6,68138,MTNORAM.TL,MTNORAM.53DV,2/18/2022 0:00,2/22/2022 10:00
2769800,1168.3,3,3.61,0.17,17345,72703,MTNORAM.PARCEL,MTNORAM.53DV,9/12/2022 17:09,9/13/2022 20:09
2603593,2764.4,6,28.22,1.54,17050,95363,CORP.PARCEL,CORP.53DV,3/29/2022 21:03,4/1/2022 0:04
1828964,2111.2,1,2.0,0.3,40219,91331,CORP.PARCEL,CORP.53DV,10/14/2021 7:10,10/18/2021 15:10
1798308,1754.1,1,74.16,10.02,90810,T6W 3H5,CORP.LTL,CORP.53DV,9/27/2021 21:09,10/15/2021 17:10
1939982,1039.4,1,2.26,277.31,38637,14450-4236,CORP.PARCEL,CORP.53DV,11/18/2021 23:11,11/23/2021 20:11
516839,359.2,412,2650.33,252.5,17050,43125,CORP.TL,CORP.53RF,8/16/2022 13:08,8/16/2022 20:08
4746894,1829.9,1,0.83,0.04,17345,78572,MTNORAM.PARCEL,MTNORAM.53DV,5/4/2022 17:05,5/5/2022 20:05
4403751,310.9,1,0.27,0.03,17345,12180-2446,MTNORAM.PARCEL,MTNORAM.53DV,5/24/2022 23:05,5/25/2022 18:05
3579088,582.6,0,53.57,3.71,84104,83522,MTNORAM.LTL,MTNORAM.53DV,2/9/2022 4:02,2/12/2022 1:02
4278987,76.0,250,8.5,0.73,8512,18017,MTNORAM.PARCEL,MTNORAM.53DV,6/17/2022 21:06,6/20/2022 17:06
25793,0.0,7,0.33,0.63,38134,778,CORP.PARCEL,CORP.53DV,8/24/2022 22:08,8/31/2022 21:08
237365,4.4,17,1573.0,208.61,46168,46123,CORP.TL,TPX.53XX,9/16/2022 4:09,9/19/2022 9:09
1695303,2046.2,5,9.75,0.22,53158,90065,CORP.PARCEL,CORP.53DV,10/22/2021 22:10,10/29/2021 0:10
3566986,1516.4,0,767.37,147.06,17406,77474,MTNORAM.LTL,MTNORAM.53DV,2/24/2022 20:02,3/5/2022 2:03
1046508,1520.46,31,2.0,2.33,6498,77489,CORP.TL,CORP.53BK,2/11/2022 23:02,2/13/2022 23:02
4502730,2567.0,2,1.66,0.07,17345,98837,MTNORAM.PARCEL,MTNORAM.53DV,5/18/2022 22:05,5/20/2022 15:05
4573052,216.9,1,0.27,0.03,17345,10577,MTNORAM.PARCEL,MTNORAM.53DV,5/23/2022 22:05,5/24/2022 18:05
3209625,157.2,1,0.54,0.05,17345,8753,MTNORAM.PARCEL,MTNORAM.53DV,8/1/2022 17:08,8/2/2022 18:08
2441433,0.0,127,16243.3,1538.85,46168,46168,CORP.LTL,CORP.53DV,4/18/2022 20:04,4/20/2022 20:00
4282279,1054.4,3,6.65,0.3,17345,32503,MTNORAM.PARCEL,MTNORAM.53DV,4/28/2022 16:04,5/2/2022 20:05
3273367,210.4,2,2.77,0.13,17345,13760,MTNORAM.PARCEL,MTNORAM.53DV,8/8/2022 12:08,8/9/2022 18:08
4122405,69.0,0,211.64,39.55,17011,19606,MTNORAM.LTL,MTNORAM.53DV,11/12/2021 3:11,11/12/2021 15:11
2443156,5.0,58,5981.1,1913.38,98516,98516,CORP.TL,CORP.53DV,3/30/2022 20:00,3/31/2022 20:00
4867259,2763.9,24,6.0,0.34,8512,91355,MTNORAM.PARCEL,MTNORAM.53DV,4/12/2022 0:04,4/16/2022 0:04
703917,1015.2,24,1.68,0.09,38134,33134,CORP.PARCEL,CORP.53DV,2/22/2022 18:02,3/1/2022 20:03
3947165,0.0,34,4320.0,2643840.0,76246,20070,MTNORAM.TL,MTNORAM.53DV,1/8/2022 14:01,1/8/2022 16:01
3660664,456.7,2,3.03,0.15,17345,45036,MTNORAM.PARCEL,MTNORAM.53DV,3/14/2022 20:03,3/15/2022 18:03
3909057,631.0,91,9691.84,466.08,46158,31820,MTNORAM.LTL,MTNORAM.53DV,12/6/2021 21:12,12/8/2021 13:12
4706448,1121.7,1,1.1,0.05,17345,33912,MTNORAM.PARCEL,MTNORAM.53DV,5/31/2022 17:05,6/1/2022 18:06
246723,553.6,10,1148.0,270.3,32824,35211,CORP.LTL,CORP.53DV,7/15/2022 20:00,7/20/2022 19:00
480594,828.2,2,0.25,0.0,38637,33584,CORP.PARCEL,CORP.53DV,7/22/2022 22:07,7/25/2022 12:07
1096360,684.9,40,2.82,0.42,38134,29506,CORP.PARCEL,CORP.53DV,2/7/2022 18:02,2/9/2022 23:02
1571988,1078.2,7,0.32,0.04,38134,7011,CORP.PARCEL,CORP.53DV,9/23/2021 15:09,9/27/2021 19:09
2900879,2129.0,1,0.82,0.1,17345,83404,MTNORAM.PARCEL,MTNORAM.53DV,9/20/2022 13:09,9/21/2022 14:09
1947182,599.05,2,0.0,2.0,38637,46628,CORP.PARCEL,CORP.53DV,10/7/2021 22:10,10/11/2021 19:10
2437585,167.4,1,4.0,1.17,78759,77478,CORP.TL,CORP.53BK,6/10/2022 19:06,6/10/2022 22:06
224803,826.4,1560,496.89,7.7,30083,77478,CORP.LTL,CORP.53RF,7/27/2022 11:07,7/28/2022 13:07
1926237,786.01,1,6.0,700.0,38637,15222,CORP.PARCEL,CORP.53DV,10/15/2021 22:10,10/19/2021 19:10
1878488,266.2,5344,35.0,16.33,75261,77489,CORP.TL,CORP.53BK,10/28/2021 1:10,10/28/2021 6:10
3599817,456.7,1,3.3,0.16,17345,45036,MTNORAM.PARCEL,MTNORAM.53DV,3/14/2022 20:03,3/15/2022 18:03
385679,272.6,100,1.0,0.0,75261,77478,CORP.TL,CORP.53BK,9/6/2022 1:09,9/6/2022 6:09
3797122,456.7,1,0.84,0.04,17345,45036,MTNORAM.PARCEL,MTNORAM.53DV,3/21/2022 18:03,3/22/2022 17:03
447242,776.99,11,12.62,0.0,38637,44515-2305,CORP.PARCEL,CORP.53DV,7/24/2022 22:07,7/26/2022 19:07
2296114,824.3,4,68.61,4.03,53158,19107,CORP.PARCEL,CORP.53DV,6/3/2022 17:06,6/7/2022 18:06
1374316,6.9,1,140.0,50.47,78728,78660-3883,CORP.LTL,CORP.53DV,12/13/2021 20:12,12/14/2021 21:12
1236417,414.9,1,3.95,0.07,53158,43204,CORP.PARCEL,CORP.53DV,1/12/2022 0:01,1/14/2022 1:01
1211912,734.9,0,0.19,0.01,53158,30165,CORP.PARCEL,CORP.53DV,1/20/2022 0:01,1/21/2022 20:01
3032211,922.4,3,1.66,0.09,17345,65203,MTNORAM.PARCEL,MTNORAM.53DV,7/12/2022 21:07,7/13/2022 19:07
2294031,861.0,0,0.19,0.01,53158,36089,CORP.PARCEL,CORP.53DV,6/16/2022 10:06,6/17/2022 23:06
1617737,518.8,45,2.25,0.19,38134,45420,CORP.PARCEL,CORP.53DV,10/17/2021 15:10,10/20/2021 23:10
2319657,202.1,29,3516.6,821.59,46168,40511,CORP.TL,CORP.53DV,4/14/2022 20:00,4/15/2022 20:00
3083281,483.5,1,1.11,0.05,37921,44333-2486,MTNORAM.PARCEL,MTNORAM.53DV,7/18/2022 21:07,7/19/2022 17:07
1009312,431.32,1,2.26,277.31,38637,40503-1742,CORP.PARCEL,CORP.53DV,2/1/2022 23:02,2/3/2022 20:02
1703848,361.0,1,0.4,0.02,53158,41017,CORP.PARCEL,CORP.53DV,10/4/2021 22:10,10/6/2021 18:10
2284204,1765.6,1,12.85,0.41,53158,85712,CORP.PARCEL,CORP.53DV,3/25/2022 23:03,3/28/2022 22:03
204668,1067.4,1,16.6,0.54,53158,2322,CORP.PARCEL,CORP.53DV,9/8/2022 20:09,9/12/2022 20:09
4643551,2057.1,2,1.67,0.08,17345,79912,MTNORAM.PARCEL,MTNORAM.53DV,4/27/2022 18:04,4/28/2022 21:04
3049922,850.4,1,0.28,0.01,37921,33065,MTNORAM.PARCEL,MTNORAM.53DV,7/13/2022 21:07,7/14/2022 12:07
3689295,115.7,9,2.59,0.26,37921,37415-3409,MTNORAM.PARCEL,MTNORAM.53DV,2/17/2022 22:02,2/18/2022 20:02
552241,1405.6,217,15371.0,2049.0,92154,V3C 1S2,CORP.TL,CORP.53DV,9/8/2022 7:09,9/12/2022 15:09
4446725,260.0,1,0.81,0.08,17345,12401,MTNORAM.PARCEL,MTNORAM.53DV,6/14/2022 1:06,6/14/2022 17:06
1173976,466.3,0,2.91,0.42,38134,75093,CORP.PARCEL,CORP.53DV,2/7/2022 18:02,2/10/2022 23:02
326153,803.5,260,1162.0,273.93,30122,77032,CORP.LTL,CORP.53DV,7/13/2022 20:00,7/20/2022 19:00
1330013,1084.0,24,24000.0,2500.0,87120,94801,CORP.TL,CORP.53DV,1/10/2022 20:00,1/12/2022 20:00
4438260,150.9,0,102.51,10.19,55121,56258,MTNORAM.LTL,MTNORAM.53DV,6/8/2022 5:06,6/9/2022 15:06
1545790,469.1,1,0.15,0.01,38134,75230.0,CORP.PARCEL,CORP.53DV,9/28/2021 22:09,9/30/2021 23:09
1076832,57.6,4,398.0,71.43,91730,90302,CORP.LTL,CORP.53DV,2/8/2022 2:02,2/8/2022 13:02
2033293,47.6,1,111.0,50.47,7647,11743-3842,CORP.LTL,CORP.53DV,10/20/2021 7:10,11/3/2021 14:11
2762592,521.3,1,0.48,0.05,17345,48307,MTNORAM.PARCEL,MTNORAM.53DV,9/13/2022 22:09,9/14/2022 18:09
2604860,963.9,26,194.1,22.1,17050,32809,CORP.LTL,CORP.53DV,5/2/2022 17:05,5/9/2022 17:05
446035,799.87,20,1.75,20.0,38637,32811-6461,CORP.PARCEL,CORP.53DV,9/8/2022 22:09,9/12/2022 19:09
3947270,207.6,1,0.74,0.09,37921,30328,MTNORAM.PARCEL,MTNORAM.53DV,1/20/2022 22:01,1/21/2022 21:01
3007156,2641.8,1,0.16,0.01,17345,92708,MTNORAM.PARCEL,MTNORAM.53DV,7/11/2022 17:07,7/16/2022 4:07
3736104,923.2,2,3.1,0.22,37921,68124,MTNORAM.PARCEL,MTNORAM.53DV,1/27/2022 22:01,1/28/2022 21:01
2876461,1480.7,2,1.65,0.1,17345,77030,MTNORAM.PARCEL,MTNORAM.53DV,7/11/2022 17:07,7/12/2022 20:07
2633116,3022.1,200,21110.0,2661.0,92154,2019,CORP.TL,CORP.53DV,4/29/2022 18:04,5/16/2022 13:05
4033541,281.3,0,40000.0,2200.0,54914,55014,MTNORAM.TL,MTNORAM.53DV,11/18/2021 2:11,11/18/2021 15:11
2981192,2408.1,1,6.7,0.29,17345,89074,MTNORAM.PARCEL,MTNORAM.53DV,7/5/2022 23:07,7/7/2022 0:07
87023,1075.8,4,1.0,0.0,38134,7003,CORP.PARCEL,CORP.53DV,7/26/2022 16:07,7/27/2022 21:07
4291919,222.7,4,2.21,0.1,17345,15065,MTNORAM.PARCEL,MTNORAM.53DV,4/25/2022 21:04,4/26/2022 18:04
1083439,91.9,2,202.0,14.81,26323,26041,CORP.LTL,CORP.53DV,2/10/2022 10:02,2/12/2022 17:02
2683603,35.3,1,54.0,5.88,94801,94526,CORP.LTL,CORP.53DV,6/1/2022 21:06,6/2/2022 16:06
4214544,918.2,1,2.2,0.1,17345,34471,MTNORAM.PARCEL,MTNORAM.53DV,6/22/2022 0:06,6/22/2022 18:06
4581517,1498.5,1,0.96,0.09,17345,77478,MTNORAM.PARCEL,MTNORAM.53DV,5/19/2022 22:05,5/20/2022 19:05
711011,890.2,4,15.4,0.52,38134,78045,CORP.PARCEL,CORP.53DV,3/10/2022 20:03,3/14/2022 23:03
3951871,266.3,192,48.0,2.75,8512,16635,MTNORAM.PARCEL,MTNORAM.53DV,12/9/2021 0:12,12/9/2021 5:12
3444824,690.1,7,1.94,0.09,17345,49601,MTNORAM.PARCEL,MTNORAM.53DV,8/24/2022 17:08,8/25/2022 17:08
846712,251.7,1,59.0,22.78,21740,23950,CORP.LTL,CORP.53DV,2/3/2022 20:00,2/7/2022 20:00
374778,78.2,4,317.0,62.27,80216,80910,CORP.LTL,CORP.53DV,7/22/2022 20:07,7/23/2022 19:07
1687882,731.4,1,2.32,0.06,53158,35216,CORP.PARCEL,CORP.53DV,11/10/2021 20:11,11/11/2021 21:11
1856034,228.4,2,183.0,75.14,91748,93401,CORP.LTL,CORP.53DV,10/7/2021 3:10,10/7/2021 20:00
2642321,11.3,38,3803.1,1098.43,80011,80216,CORP.TL,CORP.53DV,4/26/2022 20:00,4/26/2022 20:00
2061945,14.8,2,202.0,14.81,33018,33125,CORP.LTL,CORP.53DV,11/8/2021 9:11,11/8/2021 17:11
4763112,303.31,5,3000.0,650.0,20300,25903,MTNORAM.TL,MTNORAM.11DV,4/20/2022 0:00,4/20/2022 12:30
4616416,796.7,2,1.67,0.08,17345,4736,MTNORAM.PARCEL,MTNORAM.53DV,5/9/2022 17:05,5/10/2022 19:05
351467,190.2,2,241.0,83.99,75062,75503,CORP.LTL,CORP.53DV,9/16/2022 20:00,9/21/2022 20:00
1976920,1020.82,1,3.2,0.0,38637,33172-2606,CORP.PARCEL,CORP.53DV,11/6/2021 22:11,11/9/2021 20:11
1996204,726.9,430,457.95,44.68,60188,24401,CORP.LTL,CORP.53DV,10/21/2021 21:10,10/22/2021 21:10
155767,779.6,50,350.0,11.4,53158,39110,CORP.LTL,CORP.53DV,7/29/2022 0:07,8/5/2022 12:08
2841014,719.5,1,0.27,0.03,17345,30114,MTNORAM.PARCEL,MTNORAM.53DV,9/14/2022 22:09,9/15/2022 18:09
968132,1796.3,5,765.0,157757.05,38637,90660,CORP.LTL,CORP.53DV,1/27/2022 22:01,2/1/2022 22:02
1330446,264.2,132,654.0,144.55,30122,28273,CORP.LTL,CORP.53DV,1/14/2022 20:00,1/20/2022 20:00
18657,1021.8,1,1.07,0.09,38134,33175,CORP.PARCEL,CORP.53DV,8/29/2022 21:08,8/31/2022 19:08
2544266,782.63,1,1.4,168.0,38637,44062-8408,CORP.PARCEL,CORP.53DV,5/20/2022 22:05,5/24/2022 19:05
1389093,1156.84,1,6.83,700.0,38637,12550-3718,CORP.PARCEL,CORP.53DV,12/10/2021 23:12,12/15/2021 20:12
232683,43.7,4,348.0,64.93,33578,34211,CORP.LTL,CORP.53DV,7/9/2022 13:07,7/9/2022 13:07
3347783,1013.8,8,2.22,0.1,17345,34652,MTNORAM.PARCEL,MTNORAM.53DV,8/15/2022 21:08,8/16/2022 17:08
4766540,506.2,432,57.15,4.13,8512,43125,MTNORAM.PARCEL,MTNORAM.53DV,4/15/2022 0:04,4/18/2022 19:04
2303778,966.6,675,213.0,3.12,30083,13211,CORP.LTL,CORP.53RF,4/4/2022 15:04,4/5/2022 12:04
1459761,679.7,2,5.44,0.0,17050,30655,CORP.PARCEL,CORP.53DV,11/29/2021 19:11,11/30/2021 23:11
2447037,23.8,4,478.0,76.96,66105,66061,CORP.LTL,CORP.53DV,4/6/2022 14:04,4/13/2022 15:04
1185236,156.6,1,0.15,0.01,38134,38464,CORP.PARCEL,CORP.53DV,12/1/2021 23:12,12/2/2021 21:12
3531518,522.1,10,0.78,0.03,17345,28173,MTNORAM.PARCEL,MTNORAM.53DV,9/1/2022 12:09,9/3/2022 18:09
4227948,845.7,0,17714.57,856.46,17406,53916,MTNORAM.TL,MTNORAM.53DV,4/8/2022 15:00,4/11/2022 23:59
4848771,450.2,2,3.45,0.11,17345,43566,MTNORAM.PARCEL,MTNORAM.53DV,6/6/2022 23:06,6/8/2022 18:06
3265167,2436.9,1,0.55,0.05,37921,94550,MTNORAM.PARCEL,MTNORAM.53DV,8/4/2022 21:08,8/5/2022 23:08
1807038,12.7,90,342.0,21.78,90810,90250,CORP.LTL,CORP.53DV,11/6/2021 0:11,11/12/2021 16:11
76389,501.4,1,0.05,0.0,38134,76107,CORP.PARCEL,CORP.53DV,9/7/2022 19:09,9/8/2022 22:09
2796574,180.8,2,0.55,0.03,17345,7094,MTNORAM.PARCEL,MTNORAM.53DV,9/7/2022 15:09,9/8/2022 17:09
2302682,459.0,75,21.6,0.04,30083,33805,CORP.PARCEL,CORP.53DV,6/10/2022 14:06,6/13/2022 16:06
4384938,954.6,1,4.62,0.13,17345,32765,MTNORAM.PARCEL,MTNORAM.53DV,6/16/2022 16:06,6/18/2022 18:06
2338644,2565.76,2,4.52,554.62,90660,96813-3920,CORP.PARCEL,CORP.53DV,4/17/2022 0:04,4/20/2022 1:04
2191021,1145.7,2,0.5,0.0,38134,11772,CORP.PARCEL,CORP.53DV,4/20/2022 20:04,4/21/2022 22:04
3148456,1187.2,2,1.66,0.07,17345,33157,MTNORAM.PARCEL,MTNORAM.53DV,7/25/2022 18:07,7/27/2022 17:07
1536188,987.0,8,0.58,0.08,38134,18106,CORP.PARCEL,CORP.53DV,12/6/2021 15:12,12/8/2021 21:12
679654,465.4,7,0.75,0.06,38134,41071,CORP.PARCEL,CORP.53DV,3/17/2022 15:03,3/21/2022 22:03
3325249,662.6,2,1.66,0.08,17345,37343,MTNORAM.PARCEL,MTNORAM.53DV,8/11/2022 17:08,8/12/2022 17:08
699536,412.9,3,0.12,0.61,38134,71351,CORP.PARCEL,CORP.53DV,3/21/2022 20:03,3/23/2022 21:03
4960517,1352.2,2809,13866.01,2387.84,76131,N3V 1E8,TL,PLNA.53DV,7/19/2021 13:07,7/22/2021 19:07
3004274,413.5,1,0.54,0.05,17345,27330-5067,MTNORAM.PARCEL,MTNORAM.53DV,7/11/2022 16:07,7/12/2022 18:07
4455754,1100.4,2,0.56,0.02,17345,70427,MTNORAM.PARCEL,MTNORAM.53DV,5/9/2022 17:05,5/10/2022 21:05
150706,257.1,8,3.9,0.09,53158,46143,CORP.PARCEL,CORP.53DV,6/30/2022 17:06,7/1/2022 22:07
4437259,471.5,1,0.84,0.08,37921,21742-6797,MTNORAM.PARCEL,MTNORAM.53DV,4/7/2022 21:04,4/8/2022 18:04
4924506,334.0,1,0.16,0.01,17345,43812,MTNORAM.PARCEL,MTNORAM.53DV,3/30/2022 21:03,3/31/2022 20:03
1692170,752.6,8295,13427.22,553.37,53158,13211,CORP.TL,CORP.53RF,10/1/2021 0:10,10/5/2021 12:10
685317,694.9,4,23.2,1.3,38134,26003,CORP.PARCEL,CORP.53DV,3/10/2022 21:03,3/14/2022 16:03
4614254,2770.4,56,35503.0,1.0,17406,93706,MTNORAM.TL,MTNORAM.53RF,5/13/2022 9:00,5/17/2022 6:00
2626861,253.7,18,1842.0,506.68,64153,63114,CORP.TL,CORP.53DV,3/31/2022 20:00,4/1/2022 20:00
4379434,561.9,1,0.28,0.03,17345,49068-1167,MTNORAM.PARCEL,MTNORAM.53DV,4/5/2022 3:04,4/5/2022 19:04
741534,486.1,4,6.5,1.04,53158,64683,CORP.PARCEL,CORP.53DV,2/17/2022 0:02,2/21/2022 21:02
1416701,801.88,1,2.25,386.72,38637,32792-2105,CORP.PARCEL,CORP.53DV,12/16/2021 23:12,12/20/2021 20:12
3636977,456.7,2,2.48,0.12,17345,45036,MTNORAM.PARCEL,MTNORAM.53DV,3/16/2022 22:03,3/17/2022 20:03
1611721,0.0,4,27.75,0.53,38134,971,CORP.PARCEL,CORP.53DV,11/1/2021 21:11,11/3/2021 20:11
3109253,923.3,1,0.16,0.01,17345,36732,MTNORAM.PARCEL,MTNORAM.53DV,7/20/2022 18:07,7/25/2022 23:07
1476845,115.8,204,14220.0,2151.0,92154,91752,CORP.TL,CORP.53DV,1/21/2022 8:01,1/26/2022 14:01
992175,932.14,1,2.25,253.75,38637,17331-9773,CORP.PARCEL,CORP.53DV,3/17/2022 22:03,3/21/2022 19:03
3129175,552.4,2,1.1,0.07,17345,3570,MTNORAM.PARCEL,MTNORAM.53DV,7/25/2022 17:07,7/26/2022 19:07
2578352,401.53,2,3.38,999.38,38637,40422-1236,CORP.PARCEL,CORP.53DV,4/22/2022 22:04,4/26/2022 19:04
925769,266.2,22295,138.0,7.0,75261,77489,CORP.TL,CORP.53BK,1/31/2022 2:01,1/31/2022 7:01
2243000,1032.6,1,14.45,0.28,53158,80011,CORP.PARCEL,CORP.53DV,3/30/2022 21:03,4/1/2022 22:04
2766041,2643.3,4,4.98,0.23,17345,92592,MTNORAM.PARCEL,MTNORAM.53DV,9/13/2022 12:09,9/15/2022 0:09
380134,152.3,2,287.0,47.32,30013,37406,CORP.LTL,CORP.53DV,9/7/2022 20:00,9/9/2022 20:00
2239382,1207.6,0,0.19,0.01,53158,33525,CORP.PARCEL,CORP.53DV,5/2/2022 16:05,5/4/2022 14:05
3979643,482.5,24,5.1,0.08,8512,27407,MTNORAM.PARCEL,MTNORAM.53DV,12/28/2021 22:12,12/29/2021 15:12
1083744,20.7,2,302.0,65.73,24290,37656-2136,CORP.LTL,CORP.53DV,3/10/2022 10:03,3/10/2022 15:03
2756609,707.6,10,2.77,0.13,17345,30096,MTNORAM.PARCEL,MTNORAM.53DV,9/6/2022 21:09,9/8/2022 19:09
3147031,123.8,2,2.81,0.06,17345,8081,MTNORAM.PARCEL,MTNORAM.53DV,7/25/2022 22:07,7/27/2022 17:07
574779,24.7,1,72.0,36.0,21076,21784,CORP.LTL,CORP.53DV,8/25/2022 18:08,8/18/2022 0:00
626936,50.1,1,115.0,50.47,11218-2405,7647,CORP.LTL,CORP.53DV,9/8/2022 19:09,9/14/2022 16:09
4933731,500.7,2,1.67,0.08,17345,29593,MTNORAM.PARCEL,MTNORAM.53DV,5/16/2022 22:05,5/17/2022 21:05
1410173,692.3,1,0.08,1.0,38637,53081-3108,CORP.PARCEL,CORP.53DV,12/16/2021 23:12,12/17/2021 14:12
4924674,248.7,1,1.1,0.05,17345,14701,MTNORAM.PARCEL,MTNORAM.53DV,3/30/2022 21:03,3/31/2022 18:03
512266,485.5,2,233.0,76.5,38133,75062,CORP.LTL,CORP.53DV,7/29/2022 16:07,7/29/2022 17:07
3808207,456.7,1,1.65,0.08,17345,45036,MTNORAM.PARCEL,MTNORAM.53DV,3/9/2022 0:03,3/9/2022 22:03
511847,23.5,5,5.0,1.17,77040,77478,CORP.TL,CORP.53BK,9/14/2022 5:09,9/14/2022 6:09
3447185,292.5,1440,158.85,7.05,46158,48174,MTNORAM.LTL,MTNORAM.53DV,8/25/2022 17:08,8/29/2022 12:08
1485029,59.1,1,48.0,17.08,7647,8810,CORP.LTL,CORP.53DV,1/14/2022 16:01,1/22/2022 18:01
681433,866.6,6,1.5,0.0,38134,20901,CORP.PARCEL,CORP.53DV,2/8/2022 18:02,2/9/2022 21:02
1257069,2116.0,0,0.94,0.02,53158,94533,CORP.PARCEL,CORP.53DV,1/20/2022 23:01,1/22/2022 1:01
4462780,105.3,3,5.66,0.19,17345,18969,MTNORAM.PARCEL,MTNORAM.53DV,5/16/2022 22:05,5/17/2022 23:05
1219935,351.3,4,18.0,1.8,53158,63301,CORP.PARCEL,CORP.53DV,12/28/2021 15:12,12/30/2021 23:12
3141125,1542.5,48,8.2,0.66,8512,76262,MTNORAM.PARCEL,MTNORAM.53DV,7/25/2022 23:07,7/28/2022 21:07
3934539,2446.1,24,1.95,0.18,8512,85353,MTNORAM.PARCEL,MTNORAM.53DV,1/19/2022 1:01,1/21/2022 0:01
880668,2782.0,1,1.85,0.14,90810,7033,CORP.PARCEL,CORP.53DV,1/27/2022 17:01,2/2/2022 15:02
1890743,1100.23,1,2.25,253.75,38637,13069-2731,CORP.PARCEL,CORP.53DV,11/13/2021 23:11,11/17/2021 20:11
3502531,600.5,1,0.27,0.03,37921,70115-8141,MTNORAM.PARCEL,MTNORAM.53DV,8/30/2022 21:08,8/31/2022 20:08
1209611,854.9,6,80.7,2.1,53158,12549,CORP.PARCEL,CORP.53DV,1/18/2022 19:01,1/20/2022 19:01
2548968,1031.07,1,2.26,277.31,38637,33133-3410,CORP.PARCEL,CORP.53DV,4/27/2022 22:04,4/29/2022 19:04
3937428,2822.5,1600,54.4,4.67,8512,95834,MTNORAM.PARCEL,MTNORAM.53DV,12/9/2021 0:12,12/9/2021 8:12
2277956,1159.6,0,0.19,0.01,53158,77479,CORP.PARCEL,CORP.53DV,4/28/2022 11:04,4/29/2022 19:04
4942988,1583.61,2107,14715.26,1853.44,76131,T4A 0V6,TL,PLNA.53DV,7/16/2022 15:07,7/20/2022 13:07
320984,2197.5,2,75.4,8.34,90810,30260,CORP.PARCEL,CORP.53DV,8/23/2022 7:08,8/29/2022 12:08
3427696,1567.1,3,0.84,0.04,17345,79106,MTNORAM.PARCEL,MTNORAM.53DV,8/23/2022 17:08,8/24/2022 20:08
4460444,1128.6,2,1.11,0.05,17345,33434,MTNORAM.PARCEL,MTNORAM.53DV,5/26/2022 23:05,5/27/2022 19:05
4855588,608.8,2,1.66,0.07,17345,40069,MTNORAM.PARCEL,MTNORAM.53DV,5/10/2022 17:05,5/11/2022 22:05
2451641,414.5,35,3568.5,1004.83,30013,27560,CORP.TL,CORP.53DV,6/8/2022 20:00,6/8/2022 20:00
3140274,13.0,37,37057.2,1842.07,92335,91752,MTNORAM.TL,MTNORAM.53DV,7/27/2022 19:07,7/27/2022 20:07
4039176,318.2,1064,41815.2,10.64,N9V 2Z6,60544,MTNORAM.TL,MTNORAM.53DV,11/28/2021 0:00,11/29/2021 10:00
2515658,998.89,1,2.25,386.72,38637,33442-2800,CORP.PARCEL,CORP.53DV,4/14/2022 22:04,4/18/2022 19:04
2713201,415.3,1,0.51,0.06,17345,01923-3783,MTNORAM.PARCEL,MTNORAM.53DV,7/5/2022 22:07,7/6/2022 17:07
767922,850.1,2215,466.65,11.11,53158,73179,CORP.LTL,CORP.53RF,3/1/2022 14:03,3/1/2022 20:03
1021818,759.57,2,4.58,1356.68,38637,27601-1011,CORP.PARCEL,CORP.53DV,2/24/2022 23:02,2/28/2022 20:02
1889641,918.17,1,3.1,450.0,38637,34947-2528,CORP.PARCEL,CORP.53DV,9/29/2021 22:09,10/1/2021 19:10
753622,1074.0,3,52.2,1.92,53158,1960,CORP.PARCEL,CORP.53DV,1/28/2022 0:01,1/31/2022 22:01
4345415,106.8,2,1.39,0.06,17345,8030,MTNORAM.PARCEL,MTNORAM.53DV,6/22/2022 22:06,6/23/2022 18:06
3328359,1006.2,2,1.66,0.07,17345,33613,MTNORAM.PARCEL,MTNORAM.53DV,8/11/2022 23:08,8/12/2022 18:08
447026,1007.54,1,2.25,386.72,38637,33311-6653,CORP.PARCEL,CORP.53DV,7/13/2022 22:07,7/15/2022 19:07
4060556,1153.0,0,4094.0,607.74,78264,31520,MTNORAM.TL,MTNORAM.45FB,10/30/2021 9:00,11/3/2021 14:11
308772,188.1,2173,4907.68,358.27,90810,93257,CORP.LTL,CORP.53DV,7/27/2022 22:07,7/28/2022 15:07
3513005,1199.3,30,2.33,0.08,17345,51024,MTNORAM.PARCEL,MTNORAM.53DV,8/31/2022 18:08,9/2/2022 19:09
2862605,865.6,2,1.67,0.08,17345,63628,MTNORAM.PARCEL,MTNORAM.53DV,9/16/2022 11:09,9/20/2022 23:09
1871383,247.5,77,8475.0,1673.1,30013,29708,CORP.TL,CORP.53DV,9/30/2021 20:00,10/1/2021 20:00
153319,854.9,5541,5413.99,254.31,53158,12549,CORP.TL,CORP.53RF,8/29/2022 16:08,8/31/2022 12:08
149706,839.8,0,0.94,0.02,53158,13690,CORP.PARCEL,CORP.53DV,9/3/2022 17:09,9/6/2022 23:09
3909554,2444.1,24,6.0,0.39,8512,85043,MTNORAM.PARCEL,MTNORAM.53DV,1/10/2022 20:01,1/13/2022 0:01
2145047,0.0,4,1.15,0.05,38134,965,CORP.PARCEL,CORP.53DV,5/26/2022 0:05,5/26/2022 21:05
2077294,656.7,3,43.35,0.84,38134,27407,CORP.PARCEL,CORP.53DV,4/1/2022 21:04,4/5/2022 16:04
212637,833.4,1,12.85,0.41,53158,7039,CORP.PARCEL,CORP.53DV,9/15/2022 20:09,9/19/2022 18:09
4708113,468.6,2,0.36,0.01,17345,45140,MTNORAM.PARCEL,MTNORAM.53DV,4/7/2022 22:04,4/11/2022 20:04
1527235,2092.2,41,2.6,0.17,38134,94520,CORP.PARCEL,CORP.53DV,9/28/2021 13:09,10/2/2021 0:10
1692400,604.6,126,667.8,15.37,53158,38654,CORP.LTL,CORP.53DV,10/6/2021 23:10,10/11/2021 12:10
3294193,513.1,1152,150.58,10.37,8512,43123,MTNORAM.LTL,MTNORAM.53DV,8/10/2022 14:08,8/12/2022 18:08
4926195,2920.2,0,10.66,0.44,93706,12010,MTNORAM.PARCEL,MTNORAM.53DV,5/5/2022 19:05,5/11/2022 18:05
1282658,5.0,50,4864.0,1312.64,94801,94801,CORP.TL,CORP.53DV,1/5/2022 20:00,1/5/2022 20:00
3282937,2231.9,3,1.18,0.09,37921,93268,MTNORAM.PARCEL,MTNORAM.53DV,8/8/2022 22:08,8/9/2022 15:08
1563333,798.8,7,0.79,0.08,38134,22601,CORP.PARCEL,CORP.53DV,10/25/2021 19:10,10/26/2021 18:10
3268712,944.1,1,10.08,0.85,37921,77084-5811,MTNORAM.PARCEL,MTNORAM.53DV,8/8/2022 22:08,8/9/2022 13:08
3301054,1193.9,4,39.51,1.2,17345,33189,MTNORAM.PARCEL,MTNORAM.53DV,8/9/2022 17:08,8/10/2022 12:08
1649745,578.6,1,11.4,0.3,38134,60035,CORP.PARCEL,CORP.53DV,11/24/2021 22:11,11/26/2021 21:11
4374413,82.4,20,40000.0,1728000.0,66600,25300,MTNORAM.TL,MTNORAM.53DV,4/5/2022 0:00,4/5/2022 8:29
508872,585.05,1,2.25,386.72,38637,60164-1648,CORP.PARCEL,CORP.53DV,7/16/2022 22:07,7/19/2022 20:07
3578808,550.7,42,40486.38,1555.21,46158,30268,MTNORAM.TL,MTNORAM.53DV,2/4/2022 22:02,2/5/2022 13:02
4128943,2389.5,72,11.9,0.78,8512,85284,MTNORAM.PARCEL,MTNORAM.53DV,10/8/2021 14:10,10/11/2021 21:10
4599030,176.7,1,0.83,0.04,17345,7106,MTNORAM.PARCEL,MTNORAM.53DV,5/19/2022 22:05,5/20/2022 17:05
3346790,395.6,1,0.28,0.03,37921,31705,MTNORAM.PARCEL,MTNORAM.53DV,8/15/2022 21:08,8/16/2022 17:08
799516,372.7,11,19.25,0.63,53158,55112,CORP.PARCEL,CORP.53DV,2/18/2022 20:02,2/23/2022 0:02
712988,794.0,19,0.93,0.68,38134,32751,CORP.PARCEL,CORP.53DV,3/22/2022 21:03,3/24/2022 19:03
1199209,0.0,17,24.79,1.36,53158,965,CORP.PARCEL,CORP.53DV,12/10/2021 23:12,12/13/2021 20:12
2957549,1128.2,2,6.63,0.31,17345,68114,MTNORAM.PARCEL,MTNORAM.53DV,6/29/2022 22:06,6/30/2022 19:06
4661425,215.3,3,2.76,0.13,17345,23236,MTNORAM.PARCEL,MTNORAM.53DV,6/8/2022 21:06,6/9/2022 17:06
820459,190.2,2,170.0,64.73,46168,60155,CORP.LTL,CORP.53DV,3/15/2022 20:00,3/16/2022 20:00
1989984,1296.1,1,3.39,2.54,17050,58102,CORP.PARCEL,CORP.53DV,10/28/2021 13:10,11/3/2021 13:11
358553,249.7,40,4982.7,1072.11,75062,77041,CORP.TL,CORP.53DV,9/16/2022 20:00,9/16/2022 20:00
4625266,78.2,1,0.28,0.03,37921,37321,MTNORAM.PARCEL,MTNORAM.53DV,3/28/2022 21:03,3/29/2022 21:03
2004506,1800.0,4,465.8,95.5,64153,94545,CORP.LTL,CORP.53DV,11/24/2021 20:00,12/7/2021 20:00
4447946,1701.5,2,4.95,0.24,17345,78414,MTNORAM.PARCEL,MTNORAM.53DV,6/1/2022 18:06,6/2/2022 19:06
2896579,680.5,7,4.87,0.4,37921,71303-3520,MTNORAM.PARCEL,MTNORAM.53DV,9/20/2022 21:09,9/22/2022 13:09
1547866,1119.7,1,2.4,0.12,38134,12550.0,CORP.PARCEL,CORP.53DV,11/3/2021 1:11,11/4/2021 19:11
4559689,2061.4,4,3.32,0.17,17345,84088,MTNORAM.PARCEL,MTNORAM.53DV,3/31/2022 20:03,4/4/2022 14:04
4588829,1499.8,5,7.46,0.37,17345,77380,MTNORAM.PARCEL,MTNORAM.53DV,5/17/2022 22:05,5/18/2022 20:05
1983439,49.6,50,163750.0,58.33,77583,77041,CORP.LTL,CORP.01MM,11/19/2021 18:11,11/21/2021 4:11
3560016,776.0,4,1.1,0.05,17345,37055,MTNORAM.PARCEL,MTNORAM.53DV,9/6/2022 11:09,9/7/2022 19:09
1585431,222.6,2,0.21,0.01,38134,39232.0,CORP.PARCEL,CORP.53DV,11/1/2021 22:11,11/3/2021 2:11
1640573,532.4,1,1.3,0.05,38134,64120,CORP.PARCEL,CORP.53DV,9/21/2021 13:09,9/23/2021 13:09
4537625,377.4,2,5.54,0.25,17345,27288,MTNORAM.PARCEL,MTNORAM.53DV,6/14/2022 1:06,6/14/2022 17:06
4456552,402.1,3,4.97,0.23,17345,2124,MTNORAM.PARCEL,MTNORAM.53DV,4/11/2022 19:04,4/12/2022 18:04
355438,327.6,22,2305.2,467.06,75062,72204,CORP.LTL,CORP.53DV,7/7/2022 20:00,7/8/2022 20:00
1978002,736.89,1,2.91,466.02,38637,44136-1761,CORP.PARCEL,CORP.53DV,9/24/2021 22:09,9/28/2021 19:09
946613,776.61,1,2.25,386.72,38637,33634-5206,CORP.PARCEL,CORP.53DV,3/9/2022 23:03,3/11/2022 20:03
600884,1580.8,14,3.0,0.0,19443,77489,CORP.TL,CORP.53DV,9/20/2022 15:09,9/22/2022 17:09
1293433,444.1,25,2465.0,506.75,21740,2038,CORP.LTL,CORP.53DV,12/2/2021 20:00,12/6/2021 20:00
4070051,226.3,0,46.92,78.2,54729,56425,MTNORAM.TL,MTNORAM.53DV,11/30/2021 9:11,11/30/2021 14:11
2708178,2601.5,2,2.21,0.1,17345,92374,MTNORAM.PARCEL,MTNORAM.53DV,9/8/2022 23:09,9/10/2022 0:09
1275763,206.8,3,0.4,0.0,78154,77583,CORP.TL,CORP.53BK,12/1/2021 3:12,12/1/2021 7:12
295615,31.7,1,74.16,10.02,90810,92618,CORP.LTL,CORP.53DV,8/4/2022 7:08,8/12/2022 18:08
3471842,750.0,24,6.63,0.31,17345,49770,MTNORAM.PARCEL,MTNORAM.53DV,8/29/2022 13:08,8/30/2022 20:08
4052939,447.9,0,3888.91,478.87,17011,5452,MTNORAM.LTL,MTNORAM.53DV,10/19/2021 20:10,10/21/2021 15:10
2352969,254.3,67,7893.0,2309.14,21740,10901,CORP.TL,CORP.53DV,6/1/2022 20:00,6/2/2022 20:00
2377273,2025.7,1,66.0,10.16,90810,37138,CORP.LTL,CORP.53DV,4/4/2022 21:04,4/15/2022 16:04
559885,27.4,181,9657.0,1290.0,92154,92121,CORP.TL,CORP.53DV,9/6/2022 23:09,9/6/2022 23:09
1982459,168.2,1,1000.0,2500.0,27370,29607,CORP.TL,CORP.53DV,10/21/2021 20:00,10/22/2021 20:00
4581519,2479.9,1,0.56,0.03,37921,94115-2380,MTNORAM.PARCEL,MTNORAM.53DV,5/19/2022 21:05,5/21/2022 0:05
556153,462.4,202,14328.0,1905.0,92154,95304,CORP.TL,CORP.53DV,9/12/2022 7:09,9/13/2022 15:09
413796,1022.51,2,4.51,531.06,38637,33122-1208,CORP.PARCEL,CORP.53DV,6/25/2022 22:06,6/28/2022 19:06
2709611,1695.3,6,1.66,0.07,17345,81019,MTNORAM.PARCEL,MTNORAM.53DV,8/15/2022 11:08,8/16/2022 17:08
2657088,564.7,41,1163.08,40912.1,30213,46140,CORP.LTL,CORP.53IM,6/14/2022 19:06,6/15/2022 8:06
4385621,497.4,1,1.65,0.08,17345,48210,MTNORAM.PARCEL,MTNORAM.53DV,6/6/2022 22:06,6/7/2022 17:06
3327318,1469.9,3,2.21,0.12,17345,58482,MTNORAM.PARCEL,MTNORAM.53DV,8/11/2022 17:08,8/12/2022 22:08
1824829,146.0,2236,85.25,37.33,77303,77489,CORP.TL,CORP.53BK,11/10/2021 6:11,11/10/2021 9:11
3130676,515.8,2,1.67,0.08,17345,29501,MTNORAM.PARCEL,MTNORAM.53DV,7/25/2022 17:07,7/26/2022 18:07
854830,1895.2,1166,1698.52,128.93,90810,39601,CORP.LTL,CORP.53DV,3/10/2022 13:03,3/18/2022 12:03
4207523,523.9,3,5.52,0.26,17345,29566,MTNORAM.PARCEL,MTNORAM.53DV,5/10/2022 22:05,5/12/2022 19:05
2324417,222.7,1,54.0,25.0,32824,33018,CORP.TL,CORP.53DV,4/22/2022 4:04,4/22/2022 0:00
3326403,455.6,1,2.75,0.13,17345,43560,MTNORAM.PARCEL,MTNORAM.53DV,8/11/2022 17:08,8/12/2022 17:08
1570986,444.2,21,1.06,0.09,38134,75961,CORP.PARCEL,CORP.53DV,10/30/2021 15:10,11/3/2021 21:11
3642759,245.8,36,38.4,1.46,8512,2048,MTNORAM.PARCEL,MTNORAM.53DV,3/18/2022 11:03,3/18/2022 17:03
1265222,191.4,1,101.0,38.25,84119,83221,CORP.LTL,CORP.53DV,12/7/2021 20:12,12/9/2021 12:12
1472374,2571.1,272,13159.0,1681.0,92154,L6S 6G6,CORP.TL,CORP.53DV,12/15/2021 22:12,12/20/2021 14:12
1626621,307.7,6,0.42,0.02,38134,39402,CORP.PARCEL,CORP.53DV,11/16/2021 16:11,11/17/2021 22:11
805219,740.9,0,0.19,0.01,53158,20878,CORP.PARCEL,CORP.53DV,1/27/2022 19:01,1/28/2022 23:01
2884767,920.1,1,0.28,0.01,37921,77089-6024,MTNORAM.PARCEL,MTNORAM.53DV,8/10/2022 21:08,8/11/2022 20:08
2626329,356.4,1,44.0,22.78,64153,57104,CORP.LTL,CORP.53DV,4/22/2022 20:00,4/25/2022 20:00
4656915,603.7,2,4.43,0.2,17345,48847,MTNORAM.PARCEL,MTNORAM.53DV,4/20/2022 17:04,4/21/2022 17:04
299983,1631.9,1,8.84,0.42,90810,64137,CORP.PARCEL,CORP.53DV,8/4/2022 7:08,8/8/2022 13:08
562262,1418.6,3,243.4,21.57,99212-5012,85043,CORP.LTL,CORP.53DV,8/17/2022 22:08,8/22/2022 20:08
4922418,990.4,3,4.15,0.19,17345,34609,MTNORAM.PARCEL,MTNORAM.53DV,6/1/2022 17:06,6/2/2022 18:06
2542032,277.36,1,2.91,466.02,38637,42104-3244,CORP.PARCEL,CORP.53DV,4/7/2022 22:04,4/8/2022 20:04
211053,2038.4,21,491.2,17.14,53158,90670,CORP.LTL,CORP.53DV,6/30/2022 23:06,7/6/2022 15:07
2128132,480.5,300,48.28,1.5,38134,75052,CORP.PARCEL,CORP.53DV,6/14/2022 18:06,6/16/2022 23:06
2649222,25.1,1,160.0,44.0,7647,11101,CORP.LTL,CORP.53DV,6/22/2022 12:06,5/27/2022 0:00
4324039,1056.8,87,19.43,1.82,8512,38141,MTNORAM.PARCEL,MTNORAM.53DV,5/24/2022 13:05,5/25/2022 20:05
13293,427.5,1,0.15,0.0,38134,40391,CORP.PARCEL,CORP.53DV,8/18/2022 22:08,8/31/2022 21:08
1173889,494.7,8,2.0,0.0,38134,73099,CORP.PARCEL,CORP.53DV,12/13/2021 23:12,12/14/2021 20:12
3811509,456.7,1,1.68,0.07,17345,45036,MTNORAM.PARCEL,MTNORAM.53DV,3/21/2022 18:03,3/22/2022 20:03
2652483,18.3,1,136.0,49.0,21076,20705,CORP.LTL,CORP.53DV,4/7/2022 6:04,4/1/2022 0:00
1447713,18.4,1,140.0,50.47,85226,85234,CORP.LTL,CORP.53DV,12/4/2021 2:12,12/13/2021 17:12
2327461,6.7,33,3602.3,720.33,32824,32809,CORP.LTL,CORP.53DV,6/10/2022 20:00,6/13/2022 20:00
622144,41.3,1,129.0,35.31,98121,98499,CORP.LTL,CORP.53DV,7/22/2022 17:07,9/6/2022 20:09
3233962,479.9,2,1.67,0.08,17345,48183,MTNORAM.PARCEL,MTNORAM.53DV,8/2/2022 22:08,8/3/2022 17:08
3131338,1260.7,4,3.33,0.15,17345,67502,MTNORAM.PARCEL,MTNORAM.53DV,7/25/2022 16:07,7/26/2022 19:07
4331584,824.8,3,2.5,0.12,17345,63303,MTNORAM.PARCEL,MTNORAM.53DV,4/18/2022 23:04,4/19/2022 20:04
2577119,1124.63,1,2.26,277.31,38637,10303-2204,CORP.PARCEL,CORP.53DV,4/15/2022 22:04,4/20/2022 19:04
1470399,20.1,10,500.0,56.0,V3C 1S2,V6W 1G3,CORP.LTL,CORP.53DV,12/13/2021 16:12,12/16/2021 8:12
4079144,534.7,1,53.23,2.65,46158,54751,MTNORAM.PARCEL,MTNORAM.53DV,10/27/2021 20:10,10/30/2021 2:10
2681550,48.1,3,224.0,69.45,94801,94550,CORP.LTL,CORP.53DV,7/14/2022 21:07,7/15/2022 12:07
3719294,456.7,2,1.1,0.07,17345,45036,MTNORAM.PARCEL,MTNORAM.53DV,3/8/2022 1:03,3/9/2022 22:03
2322221,196.7,54,5746.7,1423.05,46168,60106,CORP.TL,CORP.53DV,4/5/2022 20:00,4/6/2022 20:00
1318068,2876.2,1,1.51,0.05,90810,J3B 4C2,CORP.PARCEL,CORP.53DV,12/4/2021 1:12,12/8/2021 18:12
1058483,5.0,59,6882.1,1910.06,85043,85043,CORP.TL,CORP.53DV,2/28/2022 20:00,3/2/2022 21:00
3479724,427.8,5,361.56,52.89,55121,68521,MTNORAM.LTL,MTNORAM.53DV,8/31/2022 5:08,9/6/2022 17:09
1362479,10.6,3,207.0,58.06,80216,80230,CORP.LTL,CORP.53DV,11/30/2021 21:11,12/7/2021 21:12
1856549,1552.4,3,1.0,0.0,91201,77489,CORP.TL,CORP.01MM,10/24/2021 4:10,10/26/2021 6:10
4892661,521.2,3,2.77,0.13,17345,40353,MTNORAM.PARCEL,MTNORAM.53DV,6/7/2022 21:06,6/8/2022 16:06
3429623,2784.1,5,1.39,0.06,17345,94108,MTNORAM.PARCEL,MTNORAM.53DV,8/23/2022 22:08,8/25/2022 5:08
3976980,2570.1,0,418.28,69.44,17406,92307,MTNORAM.LTL,MTNORAM.53DV,1/13/2022 0:01,1/22/2022 6:01
3142017,311.6,3,6.67,0.4,17345,23454,MTNORAM.PARCEL,MTNORAM.53DV,7/25/2022 18:07,7/26/2022 21:07
1391040,450.28,1,2.26,277.31,38637,40336,CORP.PARCEL,CORP.53DV,1/19/2022 23:01,1/21/2022 20:01
1019593,761.07,1,2.92,478.28,38637,28472,CORP.PARCEL,CORP.53DV,3/1/2022 23:03,3/3/2022 20:03
3924767,2866.8,60,30.0,1.27,8512,98001,MTNORAM.PARCEL,MTNORAM.53DV,1/13/2022 14:01,1/15/2022 1:01
1945793,368.53,1,2.26,277.31,38637,30144-3699,CORP.PARCEL,CORP.53DV,10/20/2021 22:10,10/22/2021 19:10
4339474,1591.2,1200,250.0,22.61,8512,77385,MTNORAM.LTL,MTNORAM.53DV,5/23/2022 15:05,5/27/2022 5:05
4009505,1959.9,2,92.8,0.02,60544,91710,MTNORAM.LTL,MTNORAM.53DV,10/25/2021 8:00,11/2/2021 14:00
2985557,2376.9,976,42549.7,9.76,N9V 2Z6,98371,MTNORAM.TL,MTNORAM.53DV,7/20/2022 0:00,8/2/2022 6:00
859772,1824.7,841,3545.8,295.7,90810,52641,CORP.LTL,CORP.53DV,1/28/2022 15:01,2/4/2022 12:02
626340,64.0,1,56.0,15.19,32127-4973,32809,CORP.LTL,CORP.53DV,9/8/2022 21:09,9/8/2022 21:09
2703639,499.3,1,1.65,0.08,17345,48150,MTNORAM.PARCEL,MTNORAM.53DV,9/12/2022 23:09,9/13/2022 18:09
3429294,458.8,16,4.42,0.22,17345,28358,MTNORAM.PARCEL,MTNORAM.53DV,8/23/2022 17:08,8/24/2022 17:08
2899890,130.5,1,1.4,0.06,17345,8619,MTNORAM.PARCEL,MTNORAM.53DV,6/27/2022 22:06,6/28/2022 17:06
1212319,548.1,49,246.22,7.96,53158,26003,CORP.LTL,CORP.53RF,12/21/2021 17:12,1/14/2022 4:01
1732809,91.8,28,2684.0,578.48,77833,78744,CORP.LTL,CORP.53DV,10/12/2021 20:00,10/14/2021 20:00
3986253,2609.7,1,16.0,5.0,17543,92335,MTNORAM.INTERMODAL,MTNORAM.53IM,1/27/2022 11:01,2/6/2022 7:02
3807687,456.7,1,0.55,0.04,17345,45036,MTNORAM.PARCEL,MTNORAM.53DV,3/9/2022 0:03,3/10/2022 21:03
4092856,534.1,0,1144.9,60.58,17406,46714,MTNORAM.LTL,MTNORAM.53DV,11/4/2021 22:11,11/9/2021 2:11
2588948,1312.1,5,2.09,0.0,38637,2461,CORP.PARCEL,CORP.53DV,4/4/2022 22:04,4/6/2022 19:04
1008403,973.81,2,9.93,1150.0,38637,33403-2316,CORP.PARCEL,CORP.53DV,2/5/2022 23:02,2/8/2022 20:02
3816256,456.7,1,0.83,0.04,17345,45036,MTNORAM.PARCEL,MTNORAM.53DV,3/14/2022 15:03,3/15/2022 19:03
228018,31.2,1,187.0,21.9,48174,48067,CORP.LTL,CORP.53DV,7/23/2022 18:07,7/23/2022 12:07
4723745,828.6,168,20.65,1.22,8512,60502,MTNORAM.PARCEL,MTNORAM.53DV,4/26/2022 0:04,4/27/2022 19:04
3946050,278.2,24,3.0,0.32,8512,1960,MTNORAM.PARCEL,MTNORAM.53DV,12/21/2021 23:12,12/22/2021 14:12
2079003,1796.1,4,1.0,0.0,38134,90603,CORP.PARCEL,CORP.53DV,6/20/2022 15:06,6/22/2022 6:06
47387,970.1,2,0.16,0.01,38134,19610,CORP.PARCEL,CORP.53DV,8/31/2022 16:08,9/6/2022 19:09
1981545,8.3,1,131.0,50.47,89081,89084,CORP.LTL,CORP.53DV,10/21/2021 17:10,11/11/2021 13:11
2931335,260.3,1,0.85,0.09,37921,35209-4178,MTNORAM.PARCEL,MTNORAM.53DV,6/30/2022 21:06,7/1/2022 20:07
3442109,859.2,12,3.32,0.18,17345,63703,MTNORAM.PARCEL,MTNORAM.53DV,8/24/2022 21:08,8/25/2022 20:08
936077,740.59,2,6.0,1200.0,38637,44145-1419,CORP.PARCEL,CORP.53DV,2/17/2022 23:02,2/21/2022 20:02
2126272,369.6,1,0.25,0.0,38134,74403,CORP.PARCEL,CORP.53DV,4/12/2022 15:04,4/14/2022 0:04
4786250,602.5,2,1.66,0.07,17345,40165,MTNORAM.PARCEL,MTNORAM.53DV,5/10/2022 22:05,5/11/2022 18:05
3572003,456.7,1,1.12,0.05,17345,45036,MTNORAM.PARCEL,MTNORAM.53DV,3/7/2022 16:03,3/8/2022 20:03
3965608,661.9,15540,3086.92,189.35,8512,46714,MTNORAM.LTL,MTNORAM.53DV,1/4/2022 22:01,12/13/2021 5:12
1323613,2200.7,2,2.16,0.1,90810,30294,CORP.PARCEL,CORP.53DV,12/2/2021 22:12,12/7/2021 16:12
3616864,384.7,0,1563.12,124.76,93706,89044,MTNORAM.TL,MTNORAM.53DV,3/7/2022 23:03,3/8/2022 6:03
4228575,715.4,1,0.55,0.03,17345,30650,MTNORAM.PARCEL,MTNORAM.53DV,6/22/2022 21:06,6/22/2022 18:06
1302943,1146.4,1202,3135.84,240.67,90810,79072,CORP.LTL,CORP.53DV,12/3/2021 0:12,12/9/2021 13:12
111313,0.0,1,0.35,0.03,38134,680,CORP.PARCEL,CORP.53DV,8/16/2022 22:08,8/17/2022 22:08
225947,831.5,770,214.2,2.07,30083,64153,CORP.LTL,CORP.53RF,9/20/2022 11:09,9/21/2022 10:09
1964751,759.74,1,2.32,1079.37,38637,27609-7752,CORP.PARCEL,CORP.53DV,10/5/2021 22:10,10/7/2021 19:10
1809528,2486.8,1,49.0,6.27,90810,L8E 3B7,CORP.LTL,CORP.53DV,10/4/2021 23:10,10/13/2021 16:10
2735892,379.7,6,213.12,0.06,7047,23434,MTNORAM.LTL,MTNORAM.53DV,9/23/2022 2:09,9/24/2022 5:09
1043351,181.8,16,1826.1,471.2,64153,68137,CORP.LTL,CORP.53DV,1/28/2022 20:00,2/1/2022 20:00
4725865,882.4,1,0.27,0.03,37921,33178,MTNORAM.PARCEL,MTNORAM.53DV,6/6/2022 21:06,6/7/2022 23:06
1046104,160.8,1,98.0,41.0,79906,88220,CORP.LTL,CORP.53DV,3/22/2022 0:03,3/14/2022 0:00
2479819,503.84,1,5.7,1008.0,38637,47356-9380,CORP.PARCEL,CORP.53DV,4/22/2022 22:04,4/26/2022 19:04
2205238,700.8,10,181.0,12.21,38134,32216,CORP.LTL,CORP.53DV,6/20/2022 5:06,6/22/2022 12:06
1300588,2512.4,10,105.05,11.84,90810,32819,CORP.PARCEL,CORP.53DV,1/7/2022 23:01,1/12/2022 16:01
4140278,107.9,0,0.6,0.06,54729,55014,MTNORAM.TL,MTNORAM.53DV,10/4/2021 17:10,10/5/2021 4:10
4672514,304.9,2,1.65,0.08,17345,12033,MTNORAM.PARCEL,MTNORAM.53DV,4/5/2022 23:04,4/6/2022 18:04
835913,2565.77,1,2.8,616.27,90660,96814-1881,CORP.PARCEL,CORP.53DV,2/14/2022 1:02,2/16/2022 1:02
1983283,263.6,1,11.0,1.17,77583,71108,CORP.LTL,CORP.53DV,10/14/2021 14:10,10/16/2021 0:10
2845023,885.1,1,3.3,0.16,17345,52241,MTNORAM.PARCEL,MTNORAM.53DV,9/15/2022 11:09,9/16/2022 19:09
233784,448.9,1,126.0,38.25,72204,70114,CORP.LTL,CORP.53DV,8/27/2022 1:08,9/1/2022 22:09
536310,0.0,43,102.22,9.05,60188,T4A 1C6,CORP.PARCEL,CORP.53DV,7/18/2022 7:07,7/22/2022 6:07
867422,2838.6,1,8.85,0.82,90810,12180,CORP.PARCEL,CORP.53DV,2/19/2022 2:02,3/1/2022 16:03
2478232,1012.33,1,2.8,616.27,38637,14423-9792,CORP.PARCEL,CORP.53DV,6/8/2022 22:06,6/13/2022 19:06
3096796,754.6,2,6.61,0.39,17345,31520,MTNORAM.PARCEL,MTNORAM.53DV,7/19/2022 18:07,7/20/2022 17:07
2932704,121.9,2,3.33,0.15,17345,20602,MTNORAM.PARCEL,MTNORAM.53DV,6/27/2022 22:06,6/28/2022 17:06
1762296,16.54,1,3.03,411.72,90660,90017-5155,CORP.PARCEL,CORP.53DV,11/11/2021 1:11,11/12/2021 23:11
3780599,2330.8,0,809.57,231.19,17406,85353,MTNORAM.LTL,MTNORAM.53DV,2/24/2022 13:02,3/8/2022 18:03
3127858,596.2,132,77.55,3.01,8512,45069,MTNORAM.PARCEL,MTNORAM.53DV,7/23/2022 0:07,7/27/2022 19:07
3822932,805.0,2,3.3,0.16,17345,63136,MTNORAM.PARCEL,MTNORAM.53DV,3/22/2022 22:03,3/23/2022 19:03
4218827,521.2,2,2.78,0.12,17345,40353,MTNORAM.PARCEL,MTNORAM.53DV,4/12/2022 23:04,4/13/2022 12:04
2362738,2857.4,1,4.55,0.28,90810,H2K OC2,CORP.PARCEL,CORP.53DV,5/18/2022 21:05,5/25/2022 18:05
1566467,654.6,1,0.14,0.01,38134,27410,CORP.PARCEL,CORP.53DV,10/11/2021 22:10,10/13/2021 17:10
3063158,514.3,525,17.85,1.53,8512,43137,MTNORAM.PARCEL,MTNORAM.53DV,7/16/2022 0:07,7/18/2022 18:07
139947,392.4,0,0.19,0.01,53158,41040,CORP.PARCEL,CORP.53DV,7/22/2022 11:07,7/25/2022 18:07
4159522,1382.3,3,12.86,0.26,17345,75070,MTNORAM.PARCEL,MTNORAM.53DV,4/6/2022 0:04,4/9/2022 3:04
840111,377.65,1,2.32,1079.37,90660,95112,CORP.PARCEL,CORP.53DV,2/18/2022 1:02,2/21/2022 23:02
3565289,379.6,1,0.28,0.01,37921,38017-2537,MTNORAM.PARCEL,MTNORAM.53DV,3/10/2022 22:03,3/11/2022 22:03
3580157,2499.1,2,3.9,0.36,37921,98801,MTNORAM.PARCEL,MTNORAM.53DV,1/26/2022 23:01,1/28/2022 1:01
1571175,3659.35,4,35.2,1.73,38134,96819,CORP.PARCEL,CORP.53DV,10/21/2021 16:10,10/26/2021 6:10
2471986,370.1,209,20083.0,1830.82,29730,45629-8989,CORP.TL,CORP.53DV,4/8/2022 20:00,4/11/2022 20:00
4050148,0.0,0,181.88,41.26,84104,84104,MTNORAM.LTL,MTNORAM.53DV,11/15/2021 22:11,11/16/2021 19:11
2819803,123.8,1,0.83,0.04,17345,8081,MTNORAM.PARCEL,MTNORAM.53DV,6/27/2022 23:06,6/28/2022 17:06
7148,578.6,2,0.5,0.0,38134,60035,CORP.PARCEL,CORP.53DV,7/7/2022 17:07,7/9/2022 2:07
1049088,27.4,195,10588.0,1374.0,92154,92121,CORP.TL,CORP.53DV,2/15/2022 20:02,2/15/2022 21:02
129921,959.5,1,0.25,0.0,38134,34102,CORP.PARCEL,CORP.53DV,6/30/2022 16:06,7/1/2022 18:07
2777488,599.4,5,400.56,20.42,46158,21076,MTNORAM.LTL,MTNORAM.53DV,9/16/2022 18:09,9/20/2022 4:09
3179386,194.6,2,1.04,0.11,17345,10027,MTNORAM.PARCEL,MTNORAM.53DV,7/27/2022 18:07,7/28/2022 18:07
3541547,1367.1,60,17.29,1.46,37921,80620,MTNORAM.PARCEL,MTNORAM.53DV,9/6/2022 19:09,9/7/2022 21:09
2172444,789.7,4,0.46,0.08,38134,49665,CORP.PARCEL,CORP.53DV,6/2/2022 16:06,6/6/2022 21:06
4661506,2728.1,2,2.49,0.12,17345,93277,MTNORAM.PARCEL,MTNORAM.53DV,6/8/2022 21:06,6/9/2022 23:06
205202,1024.5,0,0.19,0.01,53158,1545,CORP.PARCEL,CORP.53DV,7/26/2022 12:07,7/27/2022 14:07
3669223,456.7,2,4.43,0.2,17345,45036,MTNORAM.PARCEL,MTNORAM.53DV,3/22/2022 21:03,3/22/2022 18:03
4804743,174.8,2,1.65,0.08,17345,26726,MTNORAM.PARCEL,MTNORAM.53DV,5/4/2022 17:05,5/5/2022 21:05
2603257,910.1,2,14.56,1.89,17050,36303,CORP.PARCEL,CORP.53DV,4/8/2022 19:04,4/11/2022 20:04
3274768,2249.3,1,0.56,0.02,17345,86333,MTNORAM.PARCEL,MTNORAM.53DV,8/8/2022 11:08,8/9/2022 15:08
2105125,504.3,11,0.54,0.64,38134,76063,CORP.PARCEL,CORP.53DV,3/29/2022 21:03,3/31/2022 21:03
3899105,410.6,1,0.28,0.01,37921,39870,MTNORAM.PARCEL,MTNORAM.53DV,3/23/2022 21:03,3/24/2022 19:03
545597,849.5,3,219.0,84.66,64153,58701,CORP.LTL,CORP.53DV,8/24/2022 20:00,8/29/2022 20:00
3419448,1345.0,2,0.45,0.05,37921,80303-2318,MTNORAM.PARCEL,MTNORAM.53DV,8/22/2022 21:08,8/23/2022 22:08
2988946,1056.8,48,2.5,0.38,8512,38141,MTNORAM.PARCEL,MTNORAM.53DV,7/7/2022 22:07,7/11/2022 21:07
2290390,1062.9,0,0.19,0.01,53158,1826,CORP.PARCEL,CORP.53DV,6/20/2022 17:06,6/21/2022 18:06
1619110,1074.6,13,0.64,0.06,38134,7002,CORP.PARCEL,CORP.53DV,10/1/2021 14:10,10/5/2021 20:10
4700566,171.0,3,2.5,0.12,17345,8861,MTNORAM.PARCEL,MTNORAM.53DV,5/26/2022 0:05,5/26/2022 17:05
4535436,507.9,2,2.78,0.13,17345,5488,MTNORAM.PARCEL,MTNORAM.53DV,5/9/2022 21:05,5/11/2022 19:05
2770097,512.9,193,21864.47,928.78,46158,72143,MTNORAM.TL,MTNORAM.53DV,6/30/2022 16:06,7/1/2022 18:07
3303094,434.7,2,0.36,0.01,17345,28304,MTNORAM.PARCEL,MTNORAM.53DV,8/9/2022 22:08,8/10/2022 12:08
2587734,747.71,1,2.91,466.02,38637,48226-3010,CORP.PARCEL,CORP.53DV,6/3/2022 22:06,6/7/2022 19:06
778825,1032.6,500,22.0,120.0,53158,80011,CORP.PARCEL,CORP.53DV,3/23/2022 16:03,3/28/2022 22:03
1958346,1256.84,1,1.76,0.0,38637,33584,CORP.PARCEL,CORP.53DV,11/4/2021 22:11,11/8/2021 20:11
1292946,5.0,82,7806.0,2327.28,21740,21740,CORP.TL,CORP.53DV,12/1/2021 20:00,12/2/2021 20:00
2656159,2601.3,139,755.98,16190.95,30213,97030,CORP.LTL,CORP.53DV,5/11/2022 16:05,5/20/2022 17:05
4373867,963.7,3,6.08,0.3,17345,38655,MTNORAM.PARCEL,MTNORAM.53DV,4/11/2022 19:04,4/12/2022 19:04
4685826,610.6,1,0.18,0.02,17345,48640,MTNORAM.PARCEL,MTNORAM.53DV,4/20/2022 17:04,4/21/2022 18:04
4659149,191.6,1,0.27,0.03,17345,11220-3920,MTNORAM.PARCEL,MTNORAM.53DV,6/8/2022 21:06,6/9/2022 17:06
1583981,671.0,41,2.06,0.18,38134,43616.0,CORP.PARCEL,CORP.53DV,11/19/2021 20:11,11/23/2021 19:11
877201,75.0,250,2115.01,128.65,90810,92562,CORP.LTL,CORP.53DV,2/9/2022 7:02,2/14/2022 17:02
1124439,600.5,3,0.24,0.02,38134,67226,CORP.PARCEL,CORP.53DV,1/24/2022 23:01,1/26/2022 23:01
3112042,604.3,1,70.8,7.03,46158,55112,MTNORAM.PARCEL,MTNORAM.53DV,7/25/2022 18:07,7/26/2022 13:07
4301780,1023.6,2,4.43,0.2,17345,33812,MTNORAM.PARCEL,MTNORAM.53DV,4/26/2022 17:04,4/27/2022 18:04
779217,1041.6,1,0.1,0.01,53158,1453,CORP.PARCEL,CORP.53DV,3/16/2022 20:03,3/21/2022 19:03
4244550,1399.3,1,0.16,0.01,17345,75207,MTNORAM.PARCEL,MTNORAM.53DV,6/16/2022 16:06,6/22/2022 0:06
3191329,1153.7,1,0.55,0.03,17345,33024,MTNORAM.PARCEL,MTNORAM.53DV,7/28/2022 18:07,7/29/2022 19:07
2207663,420.0,1,0.25,0.0,38134,30040,CORP.PARCEL,CORP.53DV,4/26/2022 22:04,4/27/2022 21:04
3220360,502.6,2,2.22,0.1,17345,37711,MTNORAM.PARCEL,MTNORAM.53DV,8/1/2022 22:08,8/2/2022 18:08
2327678,91.4,52,5283.3,1396.59,32824,33510,CORP.TL,CORP.53DV,6/6/2022 20:00,6/6/2022 20:00
3732506,456.7,2,3.87,0.18,17345,45036,MTNORAM.PARCEL,MTNORAM.53DV,3/16/2022 22:03,3/17/2022 18:03
655685,2116.3,0,0.44,0.04,38134,89502,CORP.PARCEL,CORP.53DV,2/25/2022 23:02,3/2/2022 1:03
1099075,1093.6,10,88.0,4.33,38134,80011,CORP.PARCEL,CORP.53DV,12/9/2021 2:12,12/11/2021 0:12
4798359,409.7,3,4.98,0.23,17345,24605,MTNORAM.PARCEL,MTNORAM.53DV,4/12/2022 23:04,4/13/2022 17:04
446065,771.11,1,1.69,499.69,38637,48316-1703,CORP.PARCEL,CORP.53DV,9/8/2022 22:09,9/12/2022 19:09
4600697,892.5,2,1.11,0.05,17345,36111,MTNORAM.PARCEL,MTNORAM.53DV,4/26/2022 17:04,4/27/2022 20:04
2131618,1166.7,1,0.11,0.01,38134,6488,CORP.PARCEL,CORP.53DV,4/6/2022 22:04,4/11/2022 23:04
47923,17.0,4910,6245.74,278.91,38134,38141,CORP.TL,CORP.53RF,9/23/2022 21:09,9/23/2022 22:09
1612827,577.0,3,0.24,0.02,38134,77627,CORP.PARCEL,CORP.53DV,11/1/2021 22:11,11/4/2021 0:11
1542785,1102.6,5,1.33,0.0,38134,11021.0,CORP.PARCEL,CORP.53DV,10/11/2021 20:10,10/12/2021 19:10
3514573,1047.7,8,2.2,0.11,17345,39218,MTNORAM.PARCEL,MTNORAM.53DV,8/31/2022 17:08,9/1/2022 19:09
1263729,406.4,2372,856.0,13.53,30083,39110,CORP.LTL,CORP.53RF,1/20/2022 11:01,1/21/2022 14:01
2337738,442.26,1,3.0,600.0,90660,94534-1072,CORP.PARCEL,CORP.53DV,4/30/2022 0:04,5/3/2022 22:05
899675,31.3,31,4268.0,1367.1,98516,98390,CORP.LTL,CORP.53DV,3/9/2022 9:03,3/9/2022 20:00
4178682,501.2,2,1.67,0.08,17345,28655,MTNORAM.PARCEL,MTNORAM.53DV,4/5/2022 23:04,4/6/2022 19:04
4738138,234.4,1,0.56,0.05,37921,29628,MTNORAM.PARCEL,MTNORAM.53DV,4/27/2022 21:04,4/29/2022 0:04
1241577,81.3,1,17.15,1.01,53158,60451,CORP.PARCEL,CORP.53DV,12/13/2021 23:12,12/14/2021 22:12
1385297,1191.48,1,5.7,1008.0,38637,11779-7614,CORP.PARCEL,CORP.53DV,12/7/2021 23:12,12/10/2021 20:12
1676405,305.1,1,2.32,0.06,53158,55904,CORP.PARCEL,CORP.53DV,10/29/2021 1:10,10/29/2021 19:10
1199246,854.9,4,72.84,4.94,53158,12549,CORP.PARCEL,CORP.53DV,1/13/2022 23:01,1/18/2022 0:01
1532321,992.7,17,0.85,0.08,38134,33021,CORP.PARCEL,CORP.53DV,12/20/2021 20:12,12/22/2021 23:12
3302114,655.9,2,6.68,0.3,17345,30904,MTNORAM.PARCEL,MTNORAM.53DV,8/9/2022 16:08,8/10/2022 12:08
4474806,2637.7,1,1.65,0.08,17345,91505,MTNORAM.PARCEL,MTNORAM.53DV,5/12/2022 17:05,5/14/2022 0:05
2618667,2170.6,41,22.6,1.27,60188,V7A 4X5,CORP.PARCEL,CORP.53DV,3/31/2022 7:03,4/5/2022 15:04
4285373,2226.4,1,0.56,0.05,17345,85635-6353,MTNORAM.PARCEL,MTNORAM.53DV,6/22/2022 0:06,6/23/2022 1:06
1029245,607.4,1,0.21,0.0,17050,49544,CORP.PARCEL,CORP.53DV,2/24/2022 19:02,2/25/2022 21:02
3504757,1140.7,308,48.62,1.34,17345,68022,MTNORAM.PARCEL,MTNORAM.53DV,8/30/2022 21:08,9/3/2022 2:09
4338920,76.0,336,20.68,4.91,8512,18017,MTNORAM.PARCEL,MTNORAM.53DV,6/15/2022 21:06,6/16/2022 19:06
4493597,469.1,1,0.94,0.08,17345,28117,MTNORAM.PARCEL,MTNORAM.53DV,4/28/2022 21:04,4/29/2022 17:04
3104536,2972.7,288,40.0,4.23,8512,97321,MTNORAM.PARCEL,MTNORAM.53DV,7/21/2022 22:07,8/3/2022 0:08
4861079,2192.6,1,0.28,0.03,37921,90505-4824,MTNORAM.PARCEL,MTNORAM.53DV,5/24/2022 21:05,5/26/2022 0:05
2149900,540.2,5,13.65,0.73,38134,60637,CORP.PARCEL,CORP.53DV,6/13/2022 14:06,6/15/2022 20:06
3729006,552.4,1,0.25,0.03,37921,62702,MTNORAM.PARCEL,MTNORAM.53DV,2/17/2022 22:02,2/18/2022 22:02
4444668,256.3,2,3.33,0.15,17345,43920,MTNORAM.PARCEL,MTNORAM.53DV,5/9/2022 17:05,5/10/2022 19:05
3707831,456.7,3,4.13,0.22,17345,45036,MTNORAM.PARCEL,MTNORAM.53DV,3/7/2022 16:03,3/8/2022 21:03
1193321,71.8,8,15.7,0.58,53158,60502,CORP.PARCEL,CORP.53DV,1/7/2022 23:01,1/10/2022 21:01
3294260,2875.9,4308,531.15,35.44,8512,98198,MTNORAM.LTL,MTNORAM.53DV,8/9/2022 23:08,8/17/2022 13:08
670367,678.2,3,1.5,0.01,38134,27215,CORP.PARCEL,CORP.53DV,2/23/2022 0:02,2/23/2022 19:02
1596109,537.9,2,0.52,0.02,38134,64158,CORP.PARCEL,CORP.53DV,11/16/2021 23:11,11/19/2021 4:11
3748969,195.6,1,1172.63,32.52,30268,35055,MTNORAM.LTL,MTNORAM.53DV,3/21/2022 16:03,3/22/2022 15:03
219033,843.2,5,46.74,4.34,53158,7503,CORP.PARCEL,CORP.53DV,7/20/2022 18:07,7/22/2022 17:07
1973612,2423.4,1,0.01,0.0,38637,98032,CORP.PARCEL,CORP.53DV,10/6/2021 22:10,10/8/2021 22:10
1491245,662.3,33,441.35,24126.02,30213,33167-2900,CORP.LTL,CORP.53DV,12/23/2021 18:12,12/29/2021 15:12
1246463,1237.0,1,2.2,0.11,53158,33805,CORP.PARCEL,CORP.53DV,12/23/2021 22:12,12/30/2021 20:12
3750881,0.0,0,19956.47,928.92,37885,725,MTNORAM.OCEAN,MTNORAM.53RF,3/9/2022 8:00,3/9/2022 15:03
2463584,266.2,3080,20.0,1.17,75261,77489,CORP.TL,CORP.53BK,4/13/2022 1:04,4/13/2022 6:04
3052265,1056.8,600,128.13,4.98,8512,38141,MTNORAM.PARCEL,MTNORAM.53DV,7/14/2022 22:07,7/18/2022 21:07
4523504,2256.5,8,3.15,0.32,37921,59901,MTNORAM.PARCEL,MTNORAM.53DV,6/6/2022 21:06,6/8/2022 3:06
4648538,367.3,3,2.5,0.12,17345,27609,MTNORAM.PARCEL,MTNORAM.53DV,5/17/2022 22:05,5/18/2022 17:05
4938840,1507.3,71,402.68,54.41,76131,19010-3209,LTL,PLNA.53DV,8/11/2022 3:08,8/17/2022 20:08
2677265,203.7,1,113.0,50.47,28273,29412,CORP.LTL,CORP.53DV,3/31/2022 4:03,4/1/2022 14:04
3593986,752.8,0,7532.29,406.91,37885,64153,MTNORAM.TL,MTNORAM.53DV,3/1/2022 12:00,3/2/2022 19:30
3010463,4087.0,1,0.28,0.02,37921,99654-7185,MTNORAM.PARCEL,MTNORAM.53DV,7/11/2022 21:07,7/13/2022 3:07
2333838,73.5,1,89.0,38.25,58078,56573-8134,CORP.LTL,CORP.53DV,6/28/2022 17:06,6/28/2022 17:06
2247931,1226.7,69,82.55,4.35,53158,32824,CORP.PARCEL,CORP.53DV,5/11/2022 20:05,5/13/2022 19:05
4314476,2599.3,1,1.1,0.05,17345,91786,MTNORAM.PARCEL,MTNORAM.53DV,6/6/2022 23:06,6/8/2022 0:06
3164973,505.3,3,102.03,3.96,46158,30152,MTNORAM.PARCEL,MTNORAM.53DV,7/27/2022 17:07,7/29/2022 12:07
4460697,707.1,5020,1131.52,70.36,8512,46075,MTNORAM.LTL,MTNORAM.53DV,5/27/2022 0:05,6/1/2022 12:06
2744630,583.6,2,1.66,0.07,17345,47130,MTNORAM.PARCEL,MTNORAM.53DV,9/13/2022 12:09,9/14/2022 17:09
2487663,437.0,1,2.91,466.02,38637,75701-7455,CORP.PARCEL,CORP.53DV,6/17/2022 22:06,6/21/2022 20:06
3809682,1340.1,1,0.28,0.01,37921,80122-2601,MTNORAM.PARCEL,MTNORAM.53DV,3/17/2022 21:03,3/18/2022 21:03
3139907,877.6,1470,39100.23,14.7,60544,H1E 1P6,MTNORAM.TL,MTNORAM.53DV,7/25/2022 11:00,7/27/2022 11:00
3461317,311.7,1,0.28,0.01,37921,31904-3353,MTNORAM.PARCEL,MTNORAM.53DV,8/25/2022 21:08,8/26/2022 18:08
1441386,1011.19,1,2.32,1079.37,38637,33301-1826,CORP.PARCEL,CORP.53DV,1/5/2022 23:01,1/7/2022 20:01
1592387,1839.5,1,0.1,0.0,38134,91361,CORP.PARCEL,CORP.53DV,11/17/2021 18:11,11/19/2021 2:11
769597,847.2,2,9.4,0.8,53158,27704,CORP.PARCEL,CORP.53DV,2/7/2022 23:02,2/8/2022 20:02
461818,756.68,1,56.0,14230.8,38637,78216,CORP.PARCEL,CORP.53DV,6/28/2022 22:06,6/30/2022 20:06
13670,1434.7,3,0.6,0.0,38134,85296,CORP.PARCEL,CORP.53DV,9/14/2022 15:09,9/16/2022 0:09
3659754,901.4,1440,42657.9,14.4,60490,76207,MTNORAM.TL,MTNORAM.53DV,3/1/2022 13:00,3/3/2022 7:30
3305339,711.3,1,0.58,0.05,37921,7087,MTNORAM.PARCEL,MTNORAM.53DV,8/10/2022 19:08,8/11/2022 18:08
3989239,755.0,1392,246.5,19.1,8512,49544,MTNORAM.LTL,MTNORAM.53DV,12/6/2021 23:12,12/10/2021 15:12
2965391,945.8,2120,538.35,36.31,8512,63301,MTNORAM.LTL,MTNORAM.53DV,7/1/2022 23:07,7/7/2022 12:07
2413524,1099.3,1,1.0,0.3,40219,78215,CORP.PARCEL,CORP.53DV,5/2/2022 7:05,5/5/2022 13:05
4134149,245.8,250,8.5,0.73,8512,2048,MTNORAM.PARCEL,MTNORAM.53DV,11/23/2021 17:11,11/23/2021 21:11
4747756,681.4,2,3.06,0.22,37921,07059-2638,MTNORAM.PARCEL,MTNORAM.53DV,5/5/2022 21:05,5/6/2022 17:05
4037006,731.3,208,3781.76,2.08,60544,21237,MTNORAM.LTL,MTNORAM.53DV,10/27/2021 8:00,11/2/2021 13:00
334132,1255.7,1,5.0,1.74,40219,78045,CORP.PARCEL,CORP.53DV,7/29/2022 7:07,8/1/2022 15:08
4768824,388.9,3,1.1,0.11,37921,62454,MTNORAM.PARCEL,MTNORAM.53DV,5/2/2022 21:05,5/4/2022 1:05
3262874,707.1,112,21.83,1.42,8512,46075,MTNORAM.PARCEL,MTNORAM.53DV,8/8/2022 23:08,8/9/2022 17:08
1021035,997.89,1,2.26,277.31,38637,14020-9413,CORP.PARCEL,CORP.53DV,1/28/2022 23:01,2/2/2022 20:02
3592126,888.6,0,20.0,1.54,78264,63069,MTNORAM.PARCEL,MTNORAM.53DV,2/11/2021 23:59,2/14/2022 14:02
4481216,765.2,1,1.1,0.05,17345,35801,MTNORAM.PARCEL,MTNORAM.53DV,5/9/2022 16:05,5/10/2022 19:05
752488,629.8,4,68.61,4.03,53158,26506,CORP.PARCEL,CORP.53DV,2/28/2022 23:02,3/2/2022 21:03
661941,479.6,7,94.15,2.45,38134,75172,CORP.PARCEL,CORP.53DV,2/24/2022 23:02,2/28/2022 23:02
2746181,711.7,4,0.96,0.09,17345,30040,MTNORAM.PARCEL,MTNORAM.53DV,8/15/2022 16:08,8/16/2022 18:08
1582169,716.0,21,1.06,0.09,38134,29464.0,CORP.PARCEL,CORP.53DV,9/27/2021 20:09,9/29/2021 19:09
1179117,658.3,5,1.25,0.0,38134,79606,CORP.PARCEL,CORP.53DV,1/11/2022 21:01,1/12/2022 21:01
4074352,287.3,1200,38462.4,12.0,54601,60544,MTNORAM.TL,MTNORAM.53DV,10/19/2021 9:00,10/20/2021 9:00
1263358,825.0,25,9.0,0.01,30083,77477,CORP.PARCEL,CORP.53DV,1/3/2022 15:01,1/4/2022 22:01
2232300,1237.0,70,191.06,10.22,53158,33805,CORP.LTL,CORP.53DV,6/16/2022 23:06,6/21/2022 11:06
61424,1013.6,7,0.33,0.63,38134,33125,CORP.PARCEL,CORP.53DV,8/4/2022 14:08,8/8/2022 18:08
1543975,1184.1,1,0.25,0.0,38134,6498.0,CORP.PARCEL,CORP.53DV,10/18/2021 16:10,10/19/2021 19:10
753733,614.5,4,68.61,4.03,53158,14215,CORP.PARCEL,CORP.53DV,3/11/2022 18:03,3/14/2022 18:03
2911894,1050.6,372,56.12,5.62,8512,32829,MTNORAM.PARCEL,MTNORAM.53DV,7/1/2022 23:07,7/5/2022 20:07
4897632,667.7,4,273.84,9.39,30268,33138,MTNORAM.LTL,MTNORAM.53DV,4/17/2022 18:04,4/20/2022 16:04
4099841,2310.6,721,26525.8,7.21,J6T 2G9,T8N 6K3,MTNORAM.INTERMODAL,MTNORAM.53DV,11/2/2021 0:00,11/9/2021 8:00
3571930,456.7,3,1.38,0.07,17345,45036,MTNORAM.PARCEL,MTNORAM.53DV,3/7/2022 16:03,3/8/2022 22:03
2892003,61.1,1,1.1,0.05,17345,21201,MTNORAM.PARCEL,MTNORAM.53DV,9/20/2022 13:09,9/21/2022 12:09
2050184,67.2,1,157.0,14.81,91730,91307,CORP.LTL,CORP.53DV,11/24/2021 11:11,12/3/2021 19:12
2958493,190.6,2,4.16,0.19,17345,15601,MTNORAM.PARCEL,MTNORAM.53DV,6/29/2022 22:06,6/30/2022 17:06
1543361,1087.0,21,2.24,0.18,38134,7631.0,CORP.PARCEL,CORP.53DV,9/23/2021 15:09,9/27/2021 18:09
2264169,729.9,0,0.94,0.02,53158,56751,CORP.PARCEL,CORP.53DV,6/6/2022 18:06,6/8/2022 0:06
3737963,456.7,4,5.24,0.27,17345,45036,MTNORAM.PARCEL,MTNORAM.53DV,3/11/2022 0:03,3/11/2022 21:03
3412489,112.3,6,1.33,0.13,37921,30720-2672,MTNORAM.PARCEL,MTNORAM.53DV,8/22/2022 21:08,8/23/2022 17:08
4296235,859.4,1,0.94,0.08,17345,63701,MTNORAM.PARCEL,MTNORAM.53DV,4/28/2022 21:04,4/29/2022 20:04
3634417,804.0,1243,42604.86,12.43,60544,19154,MTNORAM.TL,MTNORAM.53DV,3/9/2022 0:00,3/11/2022 10:00
1048675,27.4,128,11484.0,1459.0,92154,92121,CORP.TL,CORP.53DV,2/3/2022 16:02,2/3/2022 17:02
4504672,1003.1,2,3.3,0.16,17345,32909,MTNORAM.PARCEL,MTNORAM.53DV,6/14/2022 0:06,6/14/2022 17:06
2004789,487.3,1,115.0,50.47,64153,56201,CORP.LTL,CORP.53DV,10/22/2021 20:00,10/25/2021 20:00
1629337,22.3,21,1.06,0.09,38134,38116,CORP.PARCEL,CORP.53DV,9/25/2021 17:09,9/28/2021 22:09
3106526,1236.2,1,0.51,0.05,37921,81052,MTNORAM.PARCEL,MTNORAM.53DV,7/20/2022 21:07,7/21/2022 23:07
4658235,1181.8,2,2.78,0.12,17345,33156,MTNORAM.PARCEL,MTNORAM.53DV,6/8/2022 21:06,6/9/2022 18:06
3681799,2763.9,24,6.0,0.34,8512,91355,MTNORAM.PARCEL,MTNORAM.53DV,2/28/2022 23:02,3/5/2022 2:03
3176886,2305.5,2,2.21,0.1,17345,85021,MTNORAM.PARCEL,MTNORAM.53DV,7/27/2022 19:07,7/29/2022 0:07
4855909,835.9,2,1.11,0.05,17345,32258,MTNORAM.PARCEL,MTNORAM.53DV,5/10/2022 17:05,5/11/2022 17:05
2437176,87.4,109,120.4,4.67,77351,77489,CORP.TL,CORP.53BK,5/6/2022 4:05,5/6/2022 6:05
2928738,363.9,1,0.38,0.04,17345,27704-2389,MTNORAM.PARCEL,MTNORAM.53DV,7/5/2022 22:07,7/6/2022 18:07
1464109,1954.4,101,639.49,55.81,60188,92337,CORP.LTL,CORP.53DV,12/14/2021 23:12,12/20/2021 16:12
4888974,251.3,2,2.21,0.1,17345,26241,MTNORAM.PARCEL,MTNORAM.53DV,5/4/2022 21:05,5/5/2022 18:05
4167298,1207.2,1,0.16,0.01,17345,70737,MTNORAM.PARCEL,MTNORAM.53DV,6/15/2022 22:06,7/1/2022 21:07
1422044,830.49,1,1.28,30.0,38637,27832-9684,CORP.PARCEL,CORP.53DV,12/24/2021 23:12,12/28/2021 20:12
3997137,1050.6,192,18.2,2.16,8512,32829,MTNORAM.PARCEL,MTNORAM.53DV,1/14/2022 18:01,1/17/2022 20:01
3637494,33.5,1,0.56,0.05,37921,37862,MTNORAM.PARCEL,MTNORAM.53DV,2/17/2022 22:02,2/18/2022 21:02
4475692,552.4,1,0.55,0.03,17345,3570,MTNORAM.PARCEL,MTNORAM.53DV,5/16/2022 22:05,5/17/2022 19:05
3595869,554.8,1,1.12,0.1,37921,32207-9017,MTNORAM.PARCEL,MTNORAM.53DV,1/31/2022 22:01,2/1/2022 20:02
1167261,1422.2,2,0.5,0.0,38134,85710,CORP.PARCEL,CORP.53DV,1/18/2022 16:01,1/19/2022 23:01
4554355,767.6,3,0.84,0.07,37921,11787,MTNORAM.PARCEL,MTNORAM.53DV,5/9/2022 20:05,5/10/2022 18:05
472865,529.99,1,3.0,600.0,38637,76092,CORP.PARCEL,CORP.53DV,9/15/2022 22:09,9/19/2022 20:09
3808960,456.7,1,0.84,0.04,17345,45036,MTNORAM.PARCEL,MTNORAM.53DV,3/9/2022 23:03,3/10/2022 19:03
3381043,206.1,4,1.08,0.1,17345,10801,MTNORAM.PARCEL,MTNORAM.53DV,8/17/2022 20:08,8/18/2022 17:08
1571515,664.3,4,1.0,0.0,38134,78741,CORP.PARCEL,CORP.53DV,11/18/2021 22:11,11/20/2021 1:11
2658887,369.5,1001,24042.52,2493364.07,30213,38118,CORP.TL,CORP.53DV,4/20/2022 15:04,4/21/2022 12:04
78243,406.2,29,3.37,0.51,38134,74146,CORP.PARCEL,CORP.53DV,6/30/2022 20:06,7/5/2022 20:07
1320412,1035.7,1,86.0,13.97,90810,80126,CORP.LTL,CORP.53DV,12/4/2021 0:12,12/17/2021 19:12
4525937,4134.8,3,4.99,0.23,17345,99701,MTNORAM.PARCEL,MTNORAM.53DV,5/2/2022 22:05,5/4/2022 3:05
1537843,1819.6,4,1.04,0.0,38134,91316,CORP.PARCEL,CORP.53DV,10/11/2021 19:10,10/13/2021 0:10
2571398,1034.68,2,13.66,1400.0,38637,14618-2244,CORP.PARCEL,CORP.53DV,4/13/2022 22:04,4/18/2022 19:04
1319016,420.7,890,871.28,76.34,90810,95776,CORP.LTL,CORP.53DV,12/30/2021 1:12,1/5/2022 20:01
816522,46.3,2,202.0,14.81,33578,34236,CORP.LTL,CORP.53DV,3/14/2022 7:03,3/15/2022 16:03
4075268,109.5,180,32.0,2.97,8512,10940,MTNORAM.PARCEL,MTNORAM.53DV,10/28/2021 2:10,10/29/2021 19:10
2668951,400.5,1,24000.0,2500.0,24244,21740,CORP.TL,CORP.53DV,4/27/2022 20:00,4/28/2022 20:00
2911577,2771.8,0,29.31,6.31,93706,21046,MTNORAM.PARCEL,MTNORAM.53DV,7/7/2022 19:07,7/11/2022 11:07
4072173,329.0,0,59.85,15.81,84104,80487,MTNORAM.LTL,MTNORAM.53DV,10/7/2021 19:10,10/8/2021 6:10
4369665,333.2,960,41280.0,9.6,63640,60544,MTNORAM.TL,MTNORAM.53DV,4/8/2022 14:00,4/9/2022 9:00
2905285,8.3,1,2205.0,94095.0,79906,79907,MTNORAM.TL,MTNORAM.53DV,6/30/2022 8:39,6/30/2022 9:12
3672788,1005.75,16,122.65,13.61,8512,72143,MTNORAM.PARCEL,MTNORAM.53DV,2/9/2022 12:02,2/14/2022 21:02
2397022,2522.5,3018,17010.28,1481.32,90810,24401,CORP.TL,CORP.53DV,6/3/2022 15:06,6/8/2022 4:06
3440579,369.5,15,3.72,0.29,37921,43147,MTNORAM.PARCEL,MTNORAM.53DV,8/23/2022 21:08,8/24/2022 17:08
4162600,1562.66,3840,7420.0,422.22,54614,38478,MTNORAM.TL,MTNORAM.53DV,4/5/2022 10:35,4/7/2022 11:00
2216630,746.2,2,0.93,0.0,53158,18704,CORP.PARCEL,CORP.53DV,6/8/2022 11:06,6/9/2022 18:06
1444424,1333.8,1,2.26,277.31,38637,01840-1246,CORP.PARCEL,CORP.53DV,12/9/2021 23:12,12/10/2021 13:12
4469795,0.0,12,4755.0,100000.0,79936,40241,MTNORAM.TL,MTNORAM.53DVS,4/16/2022 10:53,4/18/2022 0:00
284197,1399.1,1,131.0,20.61,90810,78660,CORP.LTL,CORP.53DV,9/7/2022 7:09,9/15/2022 21:09
2521030,776.61,1,2.26,277.31,38637,33634-5206,CORP.PARCEL,CORP.53DV,5/24/2022 22:05,5/26/2022 19:05
2541818,1532.95,1,0.35,1.0,38637,85043-2109,CORP.PARCEL,CORP.53DV,5/11/2022 22:05,5/16/2022 22:05
1448226,0.0,1,124.0,29.42,85043,85043,CORP.LTL,CORP.53DV,12/31/2021 19:12,12/31/2021 20:12
2348143,373.4,54,5238.1,1956.69,21740,12183,CORP.TL,CORP.53DV,6/3/2022 20:00,6/6/2022 20:00
73241,686.7,2,0.16,0.01,38134,29505,CORP.PARCEL,CORP.53DV,7/28/2022 21:07,8/1/2022 21:08
838616,419.4,18,630.0,112500.0,90660,95678,CORP.LTL,CORP.53DV,2/3/2022 1:02,2/3/2022 8:02
3191689,737.1,2,1.66,0.07,17345,62471,MTNORAM.PARCEL,MTNORAM.53DV,7/28/2022 18:07,7/29/2022 19:07
4221735,718.0,1,0.28,0.01,37921,07024-5652,MTNORAM.PARCEL,MTNORAM.53DV,5/2/2022 21:05,5/3/2022 18:05
1101134,969.0,41,2.6,0.17,38134,33432,CORP.PARCEL,CORP.53DV,1/5/2022 22:01,1/8/2022 1:01
2179017,583.4,12,0.86,0.07,38134,76309,CORP.PARCEL,CORP.53DV,4/29/2022 16:04,5/3/2022 21:05
4958200,839.5,56,236.78,27.97,76131,30342,LTL,PLNA.53DV,7/26/2022 21:07,7/28/2022 15:07
1276470,81.6,1,131.0,47.0,27370,27560,CORP.TL,CORP.53DV,12/22/2021 5:12,12/22/2021 0:00
3076531,476.8,2,1.4,0.11,37921,22031-4600,MTNORAM.PARCEL,MTNORAM.53DV,7/18/2022 21:07,7/19/2022 18:07
818610,167.3,11,1295.1,329.45,32824,33409,CORP.LTL,CORP.53DV,3/9/2022 23:03,3/15/2022 20:00
4883024,1210.0,2,1.66,0.08,17345,74132,MTNORAM.PARCEL,MTNORAM.53DV,5/26/2022 23:05,5/27/2022 19:05
3772557,456.7,2,3.05,0.14,17345,45036,MTNORAM.PARCEL,MTNORAM.53DV,3/7/2022 18:03,3/9/2022 21:03
725624,1054.6,2,0.5,0.0,38134,8005,CORP.PARCEL,CORP.53DV,2/7/2022 17:02,2/8/2022 23:02
21,231.1,1,45.0,24.68,44256,48503,CORP.LTL,CORP.53DV,9/21/2022 0:09,9/21/2022 20:00
4277490,281.0,2,3.04,0.14,17345,23606,MTNORAM.PARCEL,MTNORAM.53DV,4/5/2022 2:04,4/5/2022 18:04
1997653,26.3,51,174.24,9.06,60188,60446,CORP.LTL,CORP.53DV,12/3/2021 22:12,12/3/2021 23:12
216348,242.9,4,51.4,1.66,53158,46204,CORP.PARCEL,CORP.53DV,7/19/2022 20:07,7/20/2022 12:07
1505354,720.7,2,500.0,0.0,43612,64161,CORP.LTL,CORP.53DV,12/29/2021 13:12,1/1/2022 19:01
335154,1255.7,1,1.0,0.0,40219,78045,CORP.PARCEL,CORP.53DV,9/9/2022 7:09,9/12/2022 15:09
1506018,55.3,2,334.0,60.15,41011,45414,CORP.LTL,CORP.53DV,12/29/2021 18:12,12/29/2021 23:12
4769000,1100.7,5,1.79,0.16,37921,78154-1496,MTNORAM.PARCEL,MTNORAM.53DV,5/2/2022 22:05,5/3/2022 19:05
1810628,1813.2,1,1.85,0.13,90810,63038,CORP.PARCEL,CORP.53DV,10/25/2021 23:10,10/27/2021 18:10
4039419,778.1,0,931.0,105.2,78264,32548-5331,MTNORAM.LTL,MTNORAM.53DV,12/1/2021 23:59,12/6/2021 17:12
1388719,755.5,1,8.0,1127.0,38637,32164-7482,CORP.PARCEL,CORP.53DV,1/5/2022 23:01,1/7/2022 20:01
1074713,700.6,1,24000.0,2500.0,24244,32824,CORP.TL,CORP.53DV,3/24/2022 20:00,3/25/2022 20:00
1796834,2386.0,1191,6624.89,596.75,90810,32615,CORP.LTL,CORP.53DV,11/10/2021 1:11,11/19/2021 13:11
4103964,2443.1,0,4594.0,426.59,78264,98550,MTNORAM.TL,MTNORAM.45FB,11/19/2021 8:30,11/29/2021 21:11
4271212,1127.8,0,16.5,0.52,17345,66763,MTNORAM.PARCEL,MTNORAM.53DV,6/23/2022 1:06,6/28/2022 1:06
3332536,789.0,2,0.55,0.03,17345,62982,MTNORAM.PARCEL,MTNORAM.53DV,8/15/2022 14:08,8/16/2022 21:08
4468171,262.9,1,1.67,0.15,37921,45231-3559,MTNORAM.PARCEL,MTNORAM.53DV,5/18/2022 21:05,5/19/2022 18:05
4348708,1321.0,2,1.67,0.08,17345,73170,MTNORAM.PARCEL,MTNORAM.53DV,5/12/2022 17:05,5/13/2022 20:05
2201870,1117.9,2,18.45,0.81,38134,12549,CORP.PARCEL,CORP.53DV,5/31/2022 20:05,6/3/2022 19:06
2012435,455.5,295,19152.0,2615.0,92154,95304,CORP.TL,CORP.53DV,9/29/2021 7:09,10/5/2021 18:10
2442919,5.0,50,4893.0,1506.23,98516,98516,CORP.TL,CORP.53DV,5/10/2022 20:00,5/11/2022 20:00
811042,393.7,272,968.0,0.16,30083,27560,CORP.LTL,CORP.53RF,2/24/2022 9:02,2/25/2022 12:02
1082550,232.4,1,110.33,36.04,49449-8510,48174,CORP.LTL,CORP.53DV,2/25/2022 13:02,3/15/2022 13:03
2589918,439.86,4,15.0,2500.0,38637,40359-9300,CORP.PARCEL,CORP.53DV,3/30/2022 22:03,4/1/2022 19:04
418987,852.92,1,2.91,466.02,38637,55405-1801,CORP.PARCEL,CORP.53DV,9/20/2022 22:09,9/22/2022 20:09
4311147,1542.5,24,3.5,0.2,8512,76262,MTNORAM.PARCEL,MTNORAM.53DV,4/26/2022 0:04,4/29/2022 0:04
1008961,1102.76,2,2.56,60.0,38637,13078-9405,CORP.PARCEL,CORP.53DV,2/4/2022 23:02,2/9/2022 20:02
4900099,453.8,0,211.64,17.59,43551,53581,MTNORAM.LTL,MTNORAM.53DV,5/27/2022 18:05,6/1/2022 19:06
1839273,27.6,2,332.0,62.05,45414,45036-9076,CORP.LTL,CORP.53DV,10/15/2021 1:10,10/20/2021 12:10
1053781,2071.5,206,16959.0,2365.0,92154,60440,CORP.INTERMODAL,CORP.53DV,4/6/2022 0:04,4/8/2022 21:04
2502989,1297.67,1,0.08,0.0,38637,78957,CORP.PARCEL,CORP.53DV,4/30/2022 22:04,5/3/2022 20:05
663519,748.0,1,0.11,0.0,38134,48067,CORP.PARCEL,CORP.53DV,2/14/2022 23:02,2/16/2022 22:02
2226711,2161.2,60,8.7,0.0,53158,94118,CORP.PARCEL,CORP.53DV,6/1/2022 21:06,6/3/2022 23:06
4884187,153.8,2,1.94,0.09,17345,8210,MTNORAM.PARCEL,MTNORAM.53DV,4/12/2022 23:04,4/13/2022 19:04
2530119,740.85,4,18.82,2252.74,38637,27713-2222,CORP.PARCEL,CORP.53DV,6/17/2022 22:06,6/21/2022 19:06
3748058,456.7,2,3.32,0.15,17345,45036,MTNORAM.PARCEL,MTNORAM.53DV,3/11/2022 17:03,3/15/2022 21:03
3312486,311.5,3,6.64,0.31,17345,16508,MTNORAM.PARCEL,MTNORAM.53DV,8/10/2022 21:08,8/11/2022 17:08
1398786,1353.67,1,2.25,386.72,38637,02184-4301,CORP.PARCEL,CORP.53DV,1/7/2022 23:01,1/12/2022 20:01
4894427,105.4,72,26.4,1.75,8512,12550,MTNORAM.PARCEL,MTNORAM.53DV,5/26/2022 1:05,5/26/2022 18:05
2910416,486.1,0,44.14,4.54,37885,22546,MTNORAM.PARCEL,MTNORAM.53DV,7/7/2022 14:07,7/11/2022 17:07
4397636,2866.8,36,6.0,1.98,8512,98001,MTNORAM.PARCEL,MTNORAM.53DV,6/22/2022 10:06,6/28/2022 21:06
2689345,154.2,1,98.0,41.0,21740,23005,CORP.TL,CORP.53DV,6/14/2022 7:06,6/13/2022 0:00
1700040,2016.6,5,67.25,1.75,53158,91708,CORP.PARCEL,CORP.53DV,11/18/2021 20:11,11/25/2021 2:11
1688144,42.6,1,2.32,0.06,53158,60712,CORP.PARCEL,CORP.53DV,11/10/2021 15:11,11/11/2021 22:11
4091196,927.5,0,2.0,0.39,78264,42003,MTNORAM.PARCEL,MTNORAM.53DV,10/18/2021 23:59,10/21/2021 13:10
3536614,253.7,2,0.41,0.04,17345,14480-9719,MTNORAM.PARCEL,MTNORAM.53DV,9/1/2022 17:09,9/2/2022 18:09
716984,458.8,11,0.89,0.11,38134,41005,CORP.PARCEL,CORP.53DV,3/25/2022 14:03,3/29/2022 18:03
1250392,2044.8,0,2.82,0.07,53158,92840,CORP.PARCEL,CORP.53DV,1/13/2022 22:01,1/15/2022 0:01
3112305,1189.6,1079,44614.31,10.79,N9V 2Z6,70506,MTNORAM.TL,MTNORAM.53DV,7/26/2022 0:00,7/28/2022 6:00
1349083,249.7,53,5278.2,1400.13,75062,77041,CORP.TL,CORP.53DV,11/30/2021 20:00,12/1/2021 20:00
1432444,559.72,3,6.9,2436.04,38637,29379-9005,CORP.PARCEL,CORP.53DV,12/3/2021 23:12,12/7/2021 20:12
3182693,478.9,4,1.02,0.08,17345,28401,MTNORAM.PARCEL,MTNORAM.53DV,7/27/2022 20:07,7/28/2022 19:07
4518397,231.2,2,1.94,0.09,17345,15108,MTNORAM.PARCEL,MTNORAM.53DV,4/7/2022 22:04,4/8/2022 17:04
2681089,36.0,14,1306.0,304.56,77382,77041,CORP.LTL,CORP.53DV,4/13/2022 12:04,4/13/2022 23:04
1560275,1135.7,2,0.5,0.0,38134,12561,CORP.PARCEL,CORP.53DV,10/26/2021 21:10,10/27/2021 18:10
1122715,484.6,41,2.61,0.76,38134,66061,CORP.PARCEL,CORP.53DV,1/31/2022 13:01,2/2/2022 22:02
3367035,565.0,6,1.65,0.08,17345,37804,MTNORAM.PARCEL,MTNORAM.53DV,8/17/2022 17:08,8/18/2022 18:08
353965,371.4,3,268.0,50.45,75062,78382,CORP.LTL,CORP.53DV,6/29/2022 19:00,7/1/2022 19:00
891397,1018.4,7,7.0,2.07,40219,78757,CORP.PARCEL,CORP.53DV,3/24/2022 7:03,3/28/2022 18:03
2464526,266.2,5428,50.0,0.0,75261,77489,CORP.TL,CORP.53BK,4/29/2022 1:04,4/29/2022 6:04
1292872,368.0,1,92.0,38.25,21740,6074,CORP.LTL,CORP.53DV,12/29/2021 20:00,1/6/2022 20:00
3987977,23.4,0,4746.0,514.71,78264,78220,MTNORAM.LTL,MTNORAM.53DV,1/10/2022 21:01,3/28/2022 19:03
363677,336.9,220,8.0,0.0,70360,77489,CORP.TL,CORP.53DV,8/8/2022 23:08,8/9/2022 6:08
4841508,667.5,4,2.21,0.12,17345,30720,MTNORAM.PARCEL,MTNORAM.53DV,5/23/2022 21:05,5/24/2022 18:05
2373873,2770.9,1,0.8,0.01,90810,8873,CORP.PARCEL,CORP.53DV,4/20/2022 7:04,4/20/2022 14:04
2173435,0.0,1,0.2,0.0,38134,631,CORP.PARCEL,CORP.53DV,4/4/2022 22:04,4/6/2022 0:04
3320770,2093.6,2,6.65,0.3,17345,84341,MTNORAM.PARCEL,MTNORAM.53DV,8/11/2022 17:08,8/12/2022 21:08
176586,2098.8,0,0.19,0.01,53158,98686,CORP.PARCEL,CORP.53DV,7/13/2022 13:07,7/14/2022 23:07
2469014,266.2,20946,190.0,8.17,75261,77489,CORP.TL,CORP.53BK,5/9/2022 1:05,5/9/2022 6:05
1370426,266.2,22120,346.0,32.67,75261,77489,CORP.TL,CORP.53BK,12/22/2021 2:12,12/22/2021 7:12
1517846,1582.3,3,0.31,0.02,38134,89074,CORP.PARCEL,CORP.53DV,1/4/2022 18:01,1/7/2022 1:01
4454467,2765.4,2,1.11,0.05,17345,93465,MTNORAM.PARCEL,MTNORAM.53DV,5/26/2022 0:05,5/28/2022 1:05
828181,222.7,25,2428.0,682.91,32824,33018,CORP.TL,CORP.53DV,3/9/2022 20:00,3/9/2022 20:00
2307911,60.1,3,220.0,68.0,48174,48382,CORP.LTL,CORP.53DV,6/10/2022 18:06,5/27/2022 0:00
4220361,89.1,112,21.83,1.42,8512,11701,MTNORAM.PARCEL,MTNORAM.53DV,5/25/2022 0:05,5/24/2022 16:05
17180,2049.5,16,17.04,0.59,38134,95377,CORP.PARCEL,CORP.53DV,8/9/2022 22:08,8/15/2022 15:08
3285930,111.3,6,3.48,0.18,17345,22182,MTNORAM.PARCEL,MTNORAM.53DV,8/8/2022 15:08,8/9/2022 18:08
32006,298.7,5,0.22,0.61,38134,63051,CORP.PARCEL,CORP.53DV,6/29/2022 21:06,7/1/2022 0:07
1167269,1208.73,11,0.54,0.64,38134,36068,CORP.PARCEL,CORP.53DV,1/26/2022 19:01,1/28/2022 23:01
4677753,177.7,3,1.94,0.09,17345,10314,MTNORAM.PARCEL,MTNORAM.53DV,5/9/2022 16:05,5/10/2022 18:05
917959,17.9,1,203.0,56.0,80216,80122,CORP.LTL,CORP.53DV,2/17/2022 23:02,2/18/2022 0:00
2693084,161.7,2,137.0,61.0,44256,48174,CORP.TL,CORP.53DV,5/27/2022 0:05,6/6/2022 0:00
817542,51.7,2,312.0,66.74,72204,71913-2304,CORP.LTL,CORP.53DV,2/15/2022 2:02,2/18/2022 23:02
122192,1785.5,5,0.22,0.61,38134,91748,CORP.PARCEL,CORP.53DV,6/24/2022 16:06,6/30/2022 0:06
994806,746.8,1,3.9,411.77,38637,27502-7776,CORP.PARCEL,CORP.53DV,3/9/2022 23:03,3/11/2022 20:03
1598700,605.5,3,0.3,0.02,38134,28207,CORP.PARCEL,CORP.53DV,11/18/2021 22:11,11/19/2021 19:11
2698388,30.9,1,95.0,38.25,85383,85043,CORP.LTL,CORP.53DV,5/27/2022 18:05,5/29/2022 6:05
4591419,332.9,2,1.66,0.07,17345,24970,MTNORAM.PARCEL,MTNORAM.53DV,4/14/2022 17:04,4/18/2022 18:04
4465861,1542.5,768,50.24,12.99,8512,76262,MTNORAM.PARCEL,MTNORAM.53DV,5/25/2022 14:05,5/31/2022 20:05
1688795,861.8,1,2.32,0.06,53158,10025,CORP.PARCEL,CORP.53DV,11/22/2021 17:11,11/23/2021 18:11
2960020,149.4,2,1.66,0.08,17345,18403,MTNORAM.PARCEL,MTNORAM.53DV,6/29/2022 22:06,6/30/2022 18:06
147772,1066.5,0,0.19,0.01,53158,2343,CORP.PARCEL,CORP.53DV,7/7/2022 19:07,7/8/2022 17:07
71702,1587.7,1,0.29,0.0,38134,89104,CORP.PARCEL,CORP.53DV,8/31/2022 17:08,9/2/2022 0:09
2804280,2191.4,7,8639.68,282.09,46158,95826,MTNORAM.LTL,MTNORAM.53DV,9/14/2022 15:09,9/19/2022 7:09
210088,736.2,0,0.94,0.02,53158,20874,CORP.PARCEL,CORP.53DV,9/13/2022 17:09,9/14/2022 14:09
1921791,672.5,7,3.26,4.0,38637,27310,CORP.PARCEL,CORP.53DV,10/19/2021 22:10,10/20/2021 12:10
4647118,167.7,1,0.83,0.04,17345,7083,MTNORAM.PARCEL,MTNORAM.53DV,5/2/2022 22:05,5/3/2022 18:05
4897864,701.7,1,0.16,0.01,17345,30673,MTNORAM.PARCEL,MTNORAM.53DV,4/20/2022 17:04,4/22/2022 19:04
879694,2095.2,836,6689.36,826.5,90810,46628,CORP.LTL,CORP.53DV,3/23/2022 21:03,4/1/2022 12:04
4442054,112.1,2,1.64,0.11,17345,20748,MTNORAM.PARCEL,MTNORAM.53DV,4/28/2022 16:04,4/29/2022 17:04
28442,469.8,81,5.21,0.92,38134,30642,CORP.PARCEL,CORP.53DV,7/14/2022 17:07,7/18/2022 21:07
323506,36.1,3,334.0,66.45,46168,46236,CORP.LTL,CORP.53DV,9/16/2022 1:09,9/16/2022 9:09
3690734,690.7,0,918.71,47.93,17406,60623,MTNORAM.LTL,MTNORAM.53DV,3/9/2022 22:03,3/14/2022 14:03
4937057,1608.2,403,1743.13,206.43,76131,10710-7508,LTL,PLNA.53DV,8/26/2022 3:08,9/1/2022 21:09
4721028,45.2,0,1581.88,105.65,17406,17015,MTNORAM.LTL,MTNORAM.53DV,4/8/2022 22:04,4/11/2022 17:04
26428,1787.2,0,8.0,0.27,38134,93534,CORP.PARCEL,CORP.53DV,8/29/2022 21:08,9/2/2022 1:09
4021415,845.7,61,14.3,1.35,8512,37086,MTNORAM.PARCEL,MTNORAM.53DV,10/25/2021 17:10,10/26/2021 19:10
2248169,973.8,0,0.94,0.02,53158,28425,CORP.PARCEL,CORP.53DV,5/9/2022 16:05,5/11/2022 0:05
1514139,380.8,41,2.07,0.18,38134,75460,CORP.PARCEL,CORP.53DV,9/24/2021 16:09,9/28/2021 21:09
1533072,673.4,1,0.7,0.03,38134,43623,CORP.PARCEL,CORP.53DV,10/9/2021 14:10,10/13/2021 18:10
1399812,1298.09,1,2.32,1079.37,38637,02822-2100,CORP.PARCEL,CORP.53DV,1/7/2022 23:01,1/12/2022 20:01
4536295,175.3,0,158.73,29.29,30294,31707,MTNORAM.LTL,MTNORAM.53DV,5/16/2022 18:05,5/17/2022 17:05
1036062,1145.98,2,3.91,0.0,17050,75708,CORP.PARCEL,CORP.53DV,2/8/2022 20:02,2/14/2022 22:02
4520409,2882.7,24,9.45,0.35,8512,98372,MTNORAM.PARCEL,MTNORAM.53DV,5/27/2022 3:05,6/2/2022 0:06
420127,527.61,1,6.83,700.0,38637,76155-2122,CORP.PARCEL,CORP.53DV,9/21/2022 22:09,9/23/2022 20:09
4548943,753.8,2,1.67,0.08,17345,49682,MTNORAM.PARCEL,MTNORAM.53DV,5/5/2022 16:05,5/9/2022 18:05
2299867,2032.6,1,0.35,0.04,53158,92821,CORP.PARCEL,CORP.53DV,6/3/2022 20:06,6/8/2022 2:06
4920121,594.7,1,0.28,0.01,17345,49008,MTNORAM.PARCEL,MTNORAM.53DV,5/3/2022 23:05,5/4/2022 18:05
1437126,786.2,6,564.0,112040.51,38637,32750-3514,CORP.LTL,CORP.53DV,1/7/2022 23:01,1/11/2022 5:01
2679189,16.0,1,153.0,40.0,74115,74012,CORP.LTL,CORP.53DV,6/22/2022 9:06,5/24/2022 0:00
2115714,1010.3,7,0.32,0.63,38134,16947,CORP.PARCEL,CORP.53DV,4/21/2022 21:04,4/26/2022 12:04
4303450,434.7,1,0.16,0.01,17345,28304,MTNORAM.PARCEL,MTNORAM.53DV,4/13/2022 22:04,4/18/2022 19:04
1194081,760.0,40,65.0,10.44,53158,67214,CORP.PARCEL,CORP.53DV,12/3/2021 14:12,12/7/2021 14:12
432449,1798.5,2,0.31,1.0,38637,90670,CORP.PARCEL,CORP.53DV,8/22/2022 22:08,8/23/2022 15:08
2878509,2635.8,2,3.32,0.15,17345,92704,MTNORAM.PARCEL,MTNORAM.53DV,7/11/2022 17:07,7/13/2022 0:07
3773830,199.4,1,0.28,0.03,17345,11230,MTNORAM.PARCEL,MTNORAM.53DV,3/10/2022 2:03,3/10/2022 20:03
3575696,1098.7,3689,710.57,51.02,8512,33805,MTNORAM.LTL,MTNORAM.53DV,3/21/2022 21:03,3/3/2022 16:03
4252427,1403.2,1410,42412.69,14.1,60490,78504,MTNORAM.INTERMODAL,MTNORAM.53DV,4/21/2022 14:00,4/28/2022 12:00
2667516,129.6,1,103.0,39.0,30013,28906,CORP.LTL,CORP.53DV,6/20/2022 12:06,5/23/2022 0:00
660814,959.5,10,113.54,10.43,38134,34102,CORP.PARCEL,CORP.53DV,2/7/2022 21:02,2/9/2022 20:02
219704,805.4,1,1.6,0.12,53158,19805,CORP.PARCEL,CORP.53DV,8/29/2022 12:08,8/26/2022 20:08
1069531,586.4,205,7101.0,1754527.73,30213,33478,CORP.TL,CORP.53DV,3/24/2022 16:03,3/25/2022 13:03
828154,5.0,57,4761.0,1641.38,32824,32824,CORP.TL,CORP.53DV,2/1/2022 20:00,2/2/2022 20:00
4152394,1094.9,1,1.1,0.05,17345,33952,MTNORAM.PARCEL,MTNORAM.53DV,6/13/2022 23:06,6/14/2022 17:06
572797,55.1,2,287.25,45.25,7647,7843,CORP.LTL,CORP.53DV,9/8/2022 7:09,9/13/2022 19:09
1206728,16.3,1,2.32,0.06,53158,60085,CORP.PARCEL,CORP.53DV,12/1/2021 14:12,12/2/2021 22:12
4339709,692.3,3,5.54,0.25,17345,60126,MTNORAM.PARCEL,MTNORAM.53DV,4/11/2022 19:04,4/12/2022 19:04
4912374,672.6,4,6.63,0.33,17345,48629,MTNORAM.PARCEL,MTNORAM.53DV,6/8/2022 21:06,6/9/2022 22:06
3718732,456.7,1,1.93,0.09,17345,45036,MTNORAM.PARCEL,MTNORAM.53DV,3/8/2022 1:03,3/8/2022 21:03
2441253,41.8,25,2731.0,1019.78,46168,46037,CORP.LTL,CORP.53DV,5/5/2022 12:05,5/5/2022 21:00
494893,2114.3,49,12.97,129.1,38637,95678,CORP.PARCEL,CORP.53DV,6/29/2022 22:06,6/30/2022 22:06
1108476,952.8,2,0.24,0.0,38134,33449,CORP.PARCEL,CORP.53DV,1/10/2022 22:01,1/11/2022 21:01
2713412,672.6,1,0.84,0.08,37921,33625,MTNORAM.PARCEL,MTNORAM.53DV,6/29/2022 21:06,6/30/2022 17:06
2023084,857.5,3,286.0,99.82,80011,75062,CORP.LTL,CORP.53DV,10/20/2021 20:00,10/27/2021 21:00
3056926,1498.5,1,0.83,0.04,17345,77478,MTNORAM.PARCEL,MTNORAM.53DV,7/14/2022 18:07,7/15/2022 20:07
1360456,62.6,1,187.0,21.9,52246,52722,CORP.LTL,CORP.53DV,12/7/2021 2:12,12/9/2021 15:12
1334435,1255.7,61,148.22,43.87,40219,78045,CORP.PARCEL,CORP.53DV,1/14/2022 8:01,1/17/2022 16:01
834018,88.8,1,139.0,50.47,20109,21740,CORP.LTL,CORP.53DV,3/7/2022 14:03,3/7/2022 14:03
424970,814.9,11,3.18,3.0,38637,32809,CORP.PARCEL,CORP.53DV,8/5/2022 22:08,8/8/2022 12:08
2653478,111.4,4,464.0,177.43,12183,6704,CORP.LTL,CORP.53DV,6/9/2022 20:00,6/14/2022 20:00
4259145,259.2,4,3.59,0.19,17345,23185,MTNORAM.PARCEL,MTNORAM.53DV,5/12/2022 17:05,5/13/2022 18:05
4640688,94.8,3,2.76,0.12,17345,8098,MTNORAM.PARCEL,MTNORAM.53DV,4/5/2022 3:04,4/5/2022 18:04
3894818,2188.1,2,2.78,0.18,37921,91605-5162,MTNORAM.PARCEL,MTNORAM.53DV,3/17/2022 21:03,3/18/2022 23:03
1660274,1941.9,11,2.9,0.11,38134,93711,CORP.PARCEL,CORP.53DV,10/23/2021 14:10,10/28/2021 23:10
4526732,1067.5,4,3.31,0.15,17345,33707,MTNORAM.PARCEL,MTNORAM.53DV,4/25/2022 21:04,4/26/2022 18:04
4167717,949.3,6,8886.54,730.06,17345,38654,MTNORAM.TL,MTNORAM.53RF,5/31/2022 18:05,6/1/2022 15:06
1496516,311.5,1,24000.0,2500.0,24244,30013,CORP.TL,CORP.53DV,12/10/2021 20:00,12/13/2021 20:00
3586064,456.7,3,1.67,0.09,17345,45036,MTNORAM.PARCEL,MTNORAM.53DV,3/14/2022 20:03,3/15/2022 18:03
2837159,1550.4,2,1.42,0.12,37921,82601-3251,MTNORAM.PARCEL,MTNORAM.53DV,9/14/2022 21:09,9/15/2022 21:09
2506015,1808.2,3,5.28,0.0,38637,92630,CORP.PARCEL,CORP.53DV,4/13/2022 22:04,4/14/2022 15:04
4274690,1611.1,24,6.0,0.53,8512,77477,MTNORAM.PARCEL,MTNORAM.53DV,4/1/2022 22:04,4/6/2022 21:04
1099750,1597.3,3,10.8,0.27,38134,84104,CORP.PARCEL,CORP.53DV,12/13/2021 22:12,12/17/2021 23:12
861951,18.5,76,760.0,56.73,90810,90230,CORP.PARCEL,CORP.53DV,3/23/2022 21:03,3/24/2022 16:03
668482,352.0,23,1.58,0.8,38134,72756,CORP.PARCEL,CORP.53DV,3/22/2022 20:03,3/23/2022 21:03
1853434,436.0,25,2647.0,822.23,75062,78840,CORP.TL,CORP.53DV,11/11/2021 20:00,11/12/2021 20:00
2636036,460.5,146,17290.0,2523.0,92154,95304,CORP.TL,CORP.53DV,5/26/2022 15:05,5/27/2022 0:05
707446,1260.1,3,0.61,0.03,38134,2904,CORP.PARCEL,CORP.53DV,2/16/2022 21:02,2/17/2022 23:02
3622240,456.7,1,0.83,0.04,17345,45036,MTNORAM.PARCEL,MTNORAM.53DV,3/7/2022 16:03,3/8/2022 20:03
1946955,796.9,1,2.25,386.72,38637,48640-3504,CORP.PARCEL,CORP.53DV,10/23/2021 22:10,10/26/2021 19:10
4155509,834.7,3,1.66,0.07,17345,32082,MTNORAM.PARCEL,MTNORAM.53DV,4/5/2022 2:04,4/5/2022 17:04
3885609,1186.4,24,2.5,0.17,8512,54016,MTNORAM.PARCEL,MTNORAM.53DV,2/23/2022 19:02,2/28/2022 23:02
3005162,1112.6,4,6.54,0.6,37921,78202,MTNORAM.PARCEL,MTNORAM.53DV,7/11/2022 21:07,7/12/2022 19:07
4039529,0.0,0,0.0,0.0,37091,37091,,MTNORAM.53DV,11/22/2021 14:11,11/22/2021 17:11
